purchase_id,sales_person_id,country_id,product_id,purchase_date,amount,boxes_shipped
P000000001,1,1,15,2022-04-01,5320,180
P000000002,2,2,3,2022-01-08,7896,94
P000000003,3,2,18,2022-07-07,4501,91
P000000004,4,3,18,2022-04-27,12726,342
P000000005,1,1,18,2022-02-24,13685,184
P000000006,2,2,20,2022-06-06,5376,38
P000000007,5,1,4,2022-01-25,13685,176
P000000008,6,3,5,2022-03-24,3080,73
P000000009,1,4,1,2022-04-20,3990,59
P000000010,7,3,4,2022-04-07,2835,102
P000000011,8,1,20,2022-01-13,4704,62
P000000012,9,5,16,2022-10-03,3703,11
P000000013,10,6,11,2022-01-13,1442,286
P000000014,11,4,10,2022-07-28,168,156
P000000015,12,4,18,2022-03-08,8379,173
P000000016,13,3,17,2022-01-26,6790,356
P000000017,2,6,17,2022-02-14,4067,42
P000000018,14,5,20,2022-05-04,3017,140
P000000019,13,6,14,2022-02-16,8799,250
P000000020,15,1,3,2022-08-06,1085,172
P000000021,7,3,11,2022-06-27,6888,88
P000000022,6,5,21,2022-02-17,1267,157
P000000023,12,5,5,2022-05-30,4753,163
P000000024,16,1,10,2022-03-14,3003,113
P000000025,17,3,11,2022-02-28,7672,115
P000000026,11,2,12,2022-01-26,168,321
P000000027,14,6,21,2022-09-02,1652,186
P000000028,16,5,11,2022-07-07,4025,112
P000000029,18,4,22,2022-05-07,9492,151
P000000030,18,4,13,2022-06-15,5061,301
P000000031,2,4,3,2022-05-24,1722,121
P000000032,8,1,4,2022-06-29,12446,150
P000000033,19,3,13,2022-11-05,4284,94
P000000034,11,1,6,2022-06-30,6839,133
P000000035,20,6,5,2022-11-05,2163,70
P000000036,14,5,13,2022-07-22,9583,315
P000000037,20,1,1,2022-08-24,2653,314
P000000038,21,4,5,2022-07-07,147,72
P000000039,22,3,3,2022-05-19,3654,14
P000000040,11,2,13,2022-04-07,2443,581
P000000041,21,5,5,2022-02-06,938,16
P000000042,11,5,19,2022-04-15,14749,354
P000000043,10,6,9,2022-11-07,4781,241
P000000044,20,2,21,2022-02-23,6307,142
P000000045,23,6,6,2022-08-22,7602,102
P000000046,17,5,18,2022-02-16,6790,188
P000000047,2,5,1,2022-01-13,9737,160
P000000048,15,3,14,2022-02-14,6979,18
P000000049,14,2,11,2022-10-06,4382,303
P000000050,15,2,12,2022-07-07,5243,176
P000000051,15,6,6,2022-03-24,4865,70
P000000052,7,3,12,2022-06-06,8575,23
P000000053,24,3,10,2022-07-19,91,135
P000000054,13,5,19,2022-04-19,14798,83
P000000055,12,2,3,2022-07-19,2205,179
P000000056,1,6,10,2022-07-15,441,24
P000000057,25,4,21,2022-02-14,3556,18
P000000058,7,6,4,2022-05-18,16793,416
P000000059,9,3,12,2022-06-30,15421,55
P000000060,20,3,1,2022-02-06,4438,227
P000000061,20,3,10,2022-06-28,1603,48
P000000062,12,3,17,2022-05-16,273,174
P000000063,21,6,7,2022-05-26,3073,302
P000000064,11,2,6,2022-06-07,6090,149
P000000065,5,2,4,2022-05-27,10255,11
P000000066,19,3,8,2022-04-14,2030,11
P000000067,2,3,17,2022-10-08,19453,14
P000000068,22,2,1,2022-04-07,9275,411
P000000069,5,2,17,2022-08-07,6181,56
P000000070,4,5,18,2022-07-22,9037,102
P000000071,3,5,9,2022-02-03,12313,103
P000000072,3,1,6,2022-10-01,5642,9
P000000073,1,4,22,2022-11-03,2800,241
P000000074,20,4,18,2022-06-20,959,265
P000000075,2,1,17,2022-08-26,2002,214
P000000076,14,6,14,2022-07-13,609,32
P000000077,22,5,21,2022-11-02,1274,244
P000000078,12,5,16,2022-01-27,7595,181
P000000079,2,1,4,2022-01-31,4725,137
P000000080,22,5,22,2022-08-18,9681,24
P000000081,20,5,19,2022-06-30,14504,21
P000000082,24,3,12,2022-08-23,280,311
P000000083,7,4,15,2022-01-08,63,181
P000000084,14,4,5,2022-05-25,8001,10
P000000085,14,6,17,2022-10-01,4032,82
P000000086,18,3,2,2022-07-02,5859,108
P000000087,11,5,16,2022-12-05,11095,401
P000000088,23,3,21,2022-07-03,7182,408
P000000089,18,3,3,2022-05-04,6881,420
P000000090,20,6,8,2022-03-01,7154,348
P000000091,18,1,11,2022-03-24,6188,270
P000000092,23,2,19,2022-07-07,4221,9
P000000093,2,5,5,2022-07-26,630,264
P000000094,19,3,17,2022-07-07,1743,111
P000000095,11,6,1,2022-07-15,2919,65
P000000096,14,4,16,2022-01-04,49,97
P000000097,13,3,11,2022-06-20,1827,6
P000000098,21,1,12,2022-06-29,13006,482
P000000099,12,5,1,2022-06-15,1064,106
P000000100,16,5,5,2022-08-04,11571,180
P000000101,18,3,19,2022-03-14,5740,31
P000000102,20,5,12,2022-07-15,1456,359
P000000103,21,2,11,2022-04-19,5334,80
P000000104,12,5,4,2022-03-28,4151,296
P000000105,7,6,21,2022-04-03,8106,101
P000000106,11,4,2,2022-02-08,126,40
P000000107,16,1,21,2022-08-25,4697,42
P000000108,12,5,6,2022-02-25,7798,167
P000000109,21,2,16,2022-07-06,9408,138
P000000110,4,2,21,2022-12-04,1939,520
P000000111,25,2,21,2022-06-07,10906,94
P000000112,21,1,20,2022-01-19,5929,175
P000000113,23,3,12,2022-05-01,5579,92
P000000114,23,6,2,2022-01-24,10927,141
P000000115,19,3,10,2022-06-04,623,283
P000000116,6,3,12,2022-06-15,6013,21
P000000117,3,6,7,2022-01-28,1505,47
P000000118,21,2,8,2022-03-16,476,125
P000000119,8,3,10,2022-02-21,11550,396
P000000120,21,5,13,2022-02-16,17318,87
P000000121,1,6,21,2022-01-13,1848,27
P000000122,21,3,11,2022-03-23,7273,547
P000000123,15,6,21,2022-06-16,854,118
P000000124,5,2,19,2022-04-14,6832,46
P000000125,21,1,11,2022-01-25,4606,57
P000000126,4,2,6,2022-11-03,4466,22
P000000127,24,1,6,2022-07-28,16114,96
P000000128,12,4,5,2022-09-03,1561,44
P000000129,16,3,16,2022-06-28,8897,188
P000000130,12,3,14,2022-07-28,2464,387
P000000131,21,6,4,2022-08-15,4830,50
P000000132,17,3,13,2022-12-01,2765,264
P000000133,13,4,22,2022-03-24,7126,7
P000000134,2,1,14,2022-07-25,4263,90
P000000135,5,6,4,2022-01-08,3605,403
P000000136,2,2,17,2022-05-16,19929,174
P000000137,14,2,20,2022-10-08,5103,140
P000000138,4,2,11,2022-05-01,2541,27
P000000139,25,1,20,2022-11-07,5663,110
P000000140,19,5,5,2022-04-25,392,30
P000000141,3,4,12,2022-04-04,10976,121
P000000142,9,5,19,2022-12-04,9282,101
P000000143,19,4,3,2022-02-08,1827,117
P000000144,3,4,13,2022-06-28,8267,272
P000000145,25,3,11,2022-05-07,4116,128
P000000146,8,4,9,2022-07-06,2093,45
P000000147,7,4,20,2022-01-18,1015,27
P000000148,7,3,7,2022-04-01,12516,212
P000000149,18,3,4,2022-01-31,2758,18
P000000150,21,2,6,2022-03-14,3297,149
P000000151,22,3,2,2022-04-29,6048,477
P000000152,5,2,20,2022-07-02,10101,108
P000000153,17,1,17,2022-03-31,2282,178
P000000154,12,2,8,2022-03-16,4361,81
P000000155,11,1,11,2022-01-25,7798,196
P000000156,2,2,7,2022-06-20,3052,447
P000000157,3,1,5,2022-03-29,8029,175
P000000158,15,3,16,2022-12-07,854,136
P000000159,1,6,20,2022-11-07,5460,138
P000000160,11,6,20,2022-01-19,3017,184
P000000161,20,5,3,2022-05-04,8911,82
P000000162,1,6,14,2022-02-21,7203,12
P000000163,8,4,8,2022-05-20,13083,14
P000000164,10,3,14,2022-07-29,2779,104
P000000165,9,5,12,2022-01-28,9058,46
P000000166,12,1,8,2022-07-19,3549,112
P000000167,10,4,13,2022-04-13,9436,11
P000000168,14,2,18,2022-11-02,10283,21
P000000169,14,4,14,2022-02-03,5446,116
P000000170,25,3,22,2022-02-03,1043,202
P000000171,2,5,4,2022-07-28,12586,6
P000000172,21,2,5,2022-07-01,1687,520
P000000173,7,1,22,2022-12-04,5299,167
P000000174,2,6,6,2022-06-27,3213,72
P000000175,1,3,1,2022-01-14,5194,418
P000000176,11,1,7,2022-07-02,4753,389
P000000177,1,3,16,2022-03-23,13706,26
P000000178,12,2,18,2022-10-01,6489,146
P000000179,5,1,9,2022-03-17,9324,41
P000000180,3,5,21,2022-01-21,10829,54
P000000181,9,3,22,2022-04-07,8113,370
P000000182,17,6,18,2022-04-07,3269,176
P000000183,24,5,13,2022-10-08,273,210
P000000184,18,3,1,2022-01-04,7287,12
P000000185,3,2,19,2022-02-22,2583,159
P000000186,22,1,22,2022-03-01,9982,187
P000000187,11,2,10,2022-05-31,4795,233
P000000188,24,1,4,2022-03-01,9310,282
P000000189,16,4,8,2022-01-27,497,475
P000000190,9,1,1,2022-01-28,581,65
P000000191,15,3,17,2022-06-28,3472,311
P000000192,16,1,9,2022-02-03,4333,43
P000000193,19,3,5,2022-05-27,3325,26
P000000194,18,5,6,2022-06-30,11718,84
P000000195,9,6,18,2022-07-06,2100,78
P000000196,17,5,2,2022-12-05,4018,100
P000000197,9,4,19,2022-07-29,6468,66
P000000198,18,1,22,2022-03-08,7238,265
P000000199,9,2,7,2022-08-18,6454,141
P000000200,2,4,20,2022-06-14,3115,42
P000000201,13,1,22,2022-06-30,6475,76
P000000202,22,4,15,2022-06-13,1162,190
P000000203,25,1,16,2022-04-27,14238,54
P000000204,4,3,22,2022-07-27,3472,32
P000000205,10,6,3,2022-04-20,1428,424
P000000206,8,2,21,2022-04-01,8064,134
P000000207,25,3,15,2022-02-21,9660,92
P000000208,11,3,22,2022-05-01,7357,48
P000000209,13,2,10,2022-07-15,6055,46
P000000210,7,3,9,2022-05-25,5124,62
P000000211,11,6,11,2022-04-20,3479,358
P000000212,3,5,4,2022-02-06,784,249
P000000213,12,1,20,2022-05-13,18991,88
P000000214,13,4,7,2022-03-08,1372,144
P000000215,13,3,14,2022-05-25,735,390
P000000216,2,1,19,2022-03-16,6538,79
P000000217,4,3,16,2022-04-07,3199,122
P000000218,1,2,1,2022-05-07,3472,135
P000000219,23,5,5,2022-03-15,4571,430
P000000220,9,1,19,2022-08-22,5481,69
P000000221,25,3,2,2022-12-01,3136,125
P000000222,12,1,7,2022-10-06,252,154
P000000223,17,3,18,2022-03-25,5460,286
P000000224,8,2,6,2022-07-27,3395,99
P000000225,16,1,8,2022-04-15,14938,433
P000000226,14,2,16,2022-06-27,4053,19
P000000227,1,1,2,2022-04-14,5565,258
P000000228,16,3,13,2022-03-15,7161,92
P000000229,23,5,11,2022-03-18,8883,200
P000000230,7,2,11,2022-04-29,1351,61
P000000231,10,4,22,2022-02-25,3171,246
P000000232,16,5,14,2022-02-03,854,56
P000000233,2,3,14,2022-06-20,7910,87
P000000234,13,6,22,2022-07-15,9275,173
P000000235,24,3,1,2022-12-05,3108,252
P000000236,10,4,17,2022-01-07,5075,256
P000000237,16,5,3,2022-08-08,378,54
P000000238,23,3,1,2022-07-25,7350,6
P000000239,19,1,10,2022-05-18,3388,55
P000000240,22,2,18,2022-07-15,11837,277
P000000241,15,2,2,2022-05-07,2282,44
P000000242,10,5,13,2022-04-07,5425,96
P000000243,24,1,2,2022-06-20,1267,216
P000000244,6,3,6,2022-01-25,3752,424
P000000245,17,4,21,2022-01-07,7728,37
P000000246,3,5,1,2022-04-13,2296,59
P000000247,13,1,20,2022-04-05,4403,76
P000000248,13,3,7,2022-04-08,3192,109
P000000249,13,2,2,2022-01-06,448,146
P000000250,1,1,9,2022-04-22,4270,185
P000000251,17,5,1,2022-03-08,70,27
P000000252,25,5,16,2022-10-06,1743,69
P000000253,6,1,13,2022-06-27,6762,46
P000000254,12,3,20,2022-03-01,3745,170
P000000255,12,2,5,2022-11-07,2639,179
P000000256,25,4,14,2022-08-17,4389,126
P000000257,8,5,12,2022-01-18,2604,65
P000000258,25,2,17,2022-08-03,16569,99
P000000259,10,3,16,2022-07-03,14658,275
P000000260,16,2,2,2022-09-05,6454,157
P000000261,9,4,3,2022-05-23,2100,157
P000000262,23,1,8,2022-04-15,161,145
P000000263,3,3,10,2022-07-27,2807,139
P000000264,12,6,9,2022-08-22,2639,406
P000000265,25,5,2,2022-11-05,4571,122
P000000266,23,2,17,2022-01-26,4781,38
P000000267,9,5,1,2022-04-14,13034,117
P000000268,18,4,15,2022-05-04,6454,417
P000000269,12,4,20,2022-06-14,8484,57
P000000270,7,6,6,2022-04-13,4781,125
P000000271,13,3,22,2022-06-27,2240,166
P000000272,24,3,11,2022-01-26,6979,3
P000000273,9,1,22,2022-05-07,1652,72
P000000274,13,6,7,2022-11-01,13447,95
P000000275,21,5,22,2022-07-03,9422,22
P000000276,17,6,1,2022-04-03,8687,100
P000000277,11,6,17,2022-07-15,2415,312
P000000278,17,1,18,2022-11-05,6272,86
P000000279,11,5,14,2022-01-27,4389,7
P000000280,11,2,16,2022-06-27,3122,149
P000000281,25,2,20,2022-03-08,8043,18
P000000282,19,4,15,2022-08-19,11662,242
P000000283,19,3,12,2022-06-15,392,102
P000000284,18,1,18,2022-07-02,8925,158
P000000285,11,3,6,2022-08-07,7294,128
P000000286,18,2,14,2022-04-21,1526,96
P000000287,25,1,15,2022-08-04,2688,209
P000000288,16,3,1,2022-08-19,14889,52
P000000289,4,2,12,2022-04-05,2912,55
P000000290,10,5,3,2022-11-05,2632,108
P000000291,10,5,11,2022-03-22,6328,51
P000000292,18,6,21,2022-10-08,2527,216
P000000293,18,5,12,2022-04-05,1414,318
P000000294,21,5,4,2022-08-18,7714,238
P000000295,24,6,19,2022-03-08,4347,238
P000000296,12,4,14,2022-01-14,7490,315
P000000297,23,3,9,2022-08-04,2058,72
P000000298,21,1,16,2022-01-08,3640,3
P000000299,18,6,11,2022-03-15,455,45
P000000300,11,2,15,2022-07-15,10990,184
P000000301,9,4,6,2022-01-13,5558,127
P000000302,10,3,3,2022-08-26,2541,53
P000000303,25,6,11,2022-10-01,1876,172
P000000304,3,3,22,2022-11-05,5523,87
P000000305,13,4,3,2022-08-30,11200,22
P000000306,17,5,8,2022-07-21,5593,122
P000000307,10,3,6,2022-01-08,7882,125
P000000308,7,6,3,2022-02-17,10241,259
P000000309,7,3,10,2022-07-27,6832,156
P000000310,24,5,16,2022-02-23,1379,107
P000000311,8,3,1,2022-03-22,3010,40
P000000312,18,2,4,2022-06-23,6888,311
P000000313,15,1,22,2022-01-02,1540,73
P000000314,21,3,5,2022-02-03,6916,288
P000000315,3,1,12,2022-06-04,1232,86
P000000316,6,3,19,2022-03-17,602,72
P000000317,15,1,12,2022-06-24,10927,136
P000000318,9,6,1,2022-07-19,10185,303
P000000319,15,5,21,2022-11-07,1603,264
P000000320,7,2,6,2022-01-13,2170,218
P000000321,5,4,20,2022-07-07,8673,60
P000000322,4,2,3,2022-05-25,4760,418
P000000323,12,2,12,2022-04-13,4753,151
P000000324,20,4,1,2022-02-03,3374,202
P000000325,6,6,19,2022-06-23,2058,126
P000000326,21,5,10,2022-07-26,6454,160
P000000327,2,6,22,2022-03-22,420,3
P000000328,8,5,7,2022-09-06,2863,58
P000000329,2,3,8,2022-05-17,5936,59
P000000330,25,4,18,2022-04-03,889,273
P000000331,21,6,14,2022-07-07,16016,28
P000000332,18,6,9,2022-01-13,10479,118
P000000333,15,3,6,2022-07-13,2912,75
P000000334,23,3,3,2022-06-16,1575,329
P000000335,3,1,1,2022-07-18,8197,69
P000000336,25,1,13,2022-05-30,4221,395
P000000337,3,1,2,2022-06-21,840,81
P000000338,1,3,18,2022-06-24,5691,38
P000000339,12,2,11,2022-01-13,3472,96
P000000340,15,6,12,2022-04-04,4193,195
P000000341,17,1,20,2022-08-06,9016,554
P000000342,11,6,21,2022-02-08,6328,47
P000000343,21,5,17,2022-07-21,9870,152
P000000344,15,2,21,2022-06-20,161,134
P000000345,14,2,5,2022-06-22,2576,112
P000000346,22,3,8,2022-02-05,3178,16
P000000347,15,3,4,2022-07-01,4676,84
P000000348,10,1,1,2022-02-21,5502,99
P000000349,25,6,7,2022-03-21,7462,371
P000000350,2,1,10,2022-04-04,5803,136
P000000351,6,6,12,2022-03-24,13888,203
P000000352,6,4,21,2022-06-28,6867,183
P000000353,6,3,10,2022-01-14,2317,195
P000000354,11,4,12,2022-07-02,1218,135
P000000355,18,4,10,2022-11-01,4109,197
P000000356,1,2,4,2022-02-25,1953,242
P000000357,24,3,15,2022-01-08,6790,25
P000000358,14,3,15,2022-05-05,6797,252
P000000359,23,4,19,2022-05-18,9226,415
P000000360,24,4,9,2022-04-01,5733,348
P000000361,14,4,1,2022-09-05,4312,211
P000000362,8,2,20,2022-06-05,1638,81
P000000363,16,1,22,2022-01-13,10815,145
P000000364,14,3,6,2022-06-24,4466,74
P000000365,2,5,8,2022-02-14,987,21
P000000366,22,3,4,2022-01-18,4669,101
P000000367,17,2,14,2022-02-05,2905,91
P000000368,25,3,20,2022-05-16,7490,54
P000000369,10,5,6,2022-01-28,6986,368
P000000370,17,6,4,2022-06-24,1288,409
P000000371,5,1,5,2022-07-18,2345,104
P000000372,6,1,11,2022-04-13,3619,164
P000000373,24,5,8,2022-04-15,16982,76
P000000374,4,2,18,2022-04-01,8092,178
P000000375,16,3,11,2022-04-07,6993,31
P000000376,13,5,20,2022-03-24,2317,352
P000000377,22,3,13,2022-03-17,637,169
P000000378,5,3,6,2022-02-15,6034,223
P000000379,4,5,16,2022-06-29,980,146
P000000380,3,5,12,2022-05-24,2821,112
P000000381,10,1,14,2022-10-01,3563,284
P000000382,15,5,19,2022-03-15,2996,139
P000000383,12,6,14,2022-08-02,2436,309
P000000384,7,2,8,2022-02-25,1540,100
P000000385,6,5,11,2022-03-05,6916,42
P000000386,14,5,12,2022-06-14,5509,24
P000000387,6,2,1,2022-09-08,12992,83
P000000388,19,4,13,2022-11-07,3724,234
P000000389,17,1,13,2022-01-14,7133,118
P000000390,2,6,13,2022-02-24,8617,46
P000000391,19,4,6,2022-03-15,9198,144
P000000392,5,4,7,2022-04-25,11823,47
P000000393,18,3,17,2022-10-05,5775,41
P000000394,12,3,21,2022-06-23,13125,275
P000000395,13,6,20,2022-02-28,14287,370
P000000396,7,5,17,2022-05-25,16233,138
P000000397,14,4,7,2022-02-22,5313,215
P000000398,2,1,3,2022-11-07,3577,134
P000000399,12,6,21,2022-03-01,3528,336
P000000400,8,4,2,2022-08-24,679,280
P000000401,13,5,1,2022-07-28,2450,352
P000000402,7,5,15,2022-05-25,10577,150
P000000403,11,4,11,2022-06-05,2597,177
P000000404,9,2,10,2022-01-28,2219,142
P000000405,12,1,16,2022-06-06,11319,12
P000000406,7,4,7,2022-12-07,5978,24
P000000407,25,6,21,2022-05-08,5327,183
P000000408,7,5,16,2022-01-28,6020,147
P000000409,17,2,21,2022-08-31,5614,137
P000000410,10,5,1,2022-04-19,1736,13
P000000411,10,1,15,2022-06-29,6384,2
P000000412,13,2,9,2022-02-24,3577,261
P000000413,23,1,20,2022-04-03,14539,84
P000000414,3,2,11,2022-06-21,3493,68
P000000415,8,3,17,2022-01-26,994,105
P000000416,5,4,22,2022-10-06,4361,40
P000000417,20,1,10,2022-05-23,1554,65
P000000418,21,2,14,2022-04-15,966,107
P000000419,11,4,8,2022-01-31,5334,227
P000000420,20,4,17,2022-04-03,4935,39
P000000421,9,4,5,2022-04-19,10024,84
P000000422,13,1,6,2022-05-16,2506,100
P000000423,5,3,19,2022-02-17,1043,120
P000000424,18,5,19,2022-01-18,6524,257
P000000425,14,6,16,2022-09-02,8148,85
P000000426,10,6,16,2022-03-23,3577,178
P000000427,23,4,8,2022-01-02,3374,151
P000000428,10,2,10,2022-07-03,3948,142
P000000429,25,1,22,2022-03-01,3269,226
P000000430,25,5,22,2022-11-02,5271,341
P000000431,18,4,16,2022-03-16,4571,140
P000000432,24,2,22,2022-08-15,12327,330
P000000433,3,2,13,2022-12-05,4935,73
P000000434,2,2,21,2022-11-04,6167,4
P000000435,4,4,15,2022-06-30,18340,285
P000000436,24,4,22,2022-06-15,7014,60
P000000437,8,6,8,2022-01-08,7119,101
P000000438,17,5,14,2022-06-15,15491,58
P000000439,7,2,5,2022-06-16,5747,45
P000000440,5,4,19,2022-05-13,4550,281
P000000441,18,5,10,2022-10-05,2191,138
P000000442,5,2,11,2022-08-25,5663,322
P000000443,25,4,17,2022-07-15,7623,85
P000000444,3,1,7,2022-05-16,9023,409
P000000445,4,3,1,2022-06-14,3402,182
P000000446,13,3,20,2022-01-25,10507,467
P000000447,25,5,17,2022-07-28,7721,14
P000000448,7,6,15,2022-01-28,5033,178
P000000449,17,1,16,2022-06-29,1960,191
P000000450,11,3,2,2022-06-24,238,317
P000000451,6,6,15,2022-01-07,7756,410
P000000452,14,5,18,2022-02-25,1736,137
P000000453,15,6,20,2022-01-08,2660,12
P000000454,5,3,14,2022-06-21,7672,254
P000000455,22,4,21,2022-01-25,11564,24
P000000456,3,1,14,2022-05-17,1365,232
P000000457,20,3,3,2022-08-23,4186,233
P000000458,22,3,20,2022-03-03,7406,118
P000000459,14,2,8,2022-05-30,8911,543
P000000460,11,5,10,2022-06-29,112,223
P000000461,20,6,17,2022-04-01,8204,204
P000000462,1,3,10,2022-01-14,2611,65
P000000463,11,5,15,2022-02-15,15652,53
P000000464,15,4,21,2022-10-01,4074,469
P000000465,23,5,22,2022-04-05,12250,213
P000000466,20,5,21,2022-05-23,2366,5
P000000467,9,4,12,2022-04-26,1687,147
P000000468,5,6,17,2022-05-07,1232,74
P000000469,23,1,17,2022-07-21,6965,163
P000000470,24,5,15,2022-02-21,5292,248
P000000471,21,5,16,2022-03-02,1379,138
P000000472,3,3,8,2022-08-07,8001,151
P000000473,10,2,1,2022-05-31,588,139
P000000474,2,4,15,2022-06-27,4046,103
P000000475,2,2,1,2022-05-13,5103,129
P000000476,2,5,13,2022-05-31,2317,102
P000000477,19,5,16,2022-02-28,7042,37
P000000478,9,4,11,2022-03-28,6713,31
P000000479,3,5,5,2022-01-14,1848,227
P000000480,9,4,15,2022-02-21,6440,145
P000000481,18,6,3,2022-01-08,10885,90
P000000482,13,4,20,2022-05-19,2387,59
P000000483,16,5,22,2022-07-13,2030,60
P000000484,20,3,18,2022-04-20,6678,148
P000000485,18,2,3,2022-06-30,4515,22
P000000486,15,1,1,2022-08-03,3374,142
P000000487,6,5,12,2022-09-03,5852,93
P000000488,5,6,19,2022-06-16,1750,208
P000000489,3,1,10,2022-06-30,5782,42
P000000490,21,2,15,2022-07-28,2870,120
P000000491,11,6,18,2022-12-08,3094,159
P000000492,9,1,15,2022-07-07,3724,316
P000000493,9,5,3,2022-08-25,12761,47
P000000494,16,6,11,2022-01-17,3696,233
P000000495,4,3,2,2022-04-03,5222,384
P000000496,12,4,12,2022-08-25,8939,4
P000000497,25,1,18,2022-04-15,2156,260
P000000498,17,5,17,2022-11-03,2380,22
P000000499,22,5,19,2022-05-20,3339,18
P000000500,7,4,13,2022-06-14,14980,42
P000000501,1,4,5,2022-04-14,1512,73
P000000502,1,5,20,2022-07-07,6657,154
P000000503,23,2,15,2022-08-24,3836,71
P000000504,1,2,11,2022-02-24,8771,127
P000000505,11,6,19,2022-09-05,651,224
P000000506,17,3,2,2022-08-02,6706,223
P000000507,14,1,2,2022-03-24,1421,284
P000000508,8,5,10,2022-06-20,8526,73
P000000509,10,6,13,2022-07-03,1435,112
P000000510,17,3,12,2022-06-20,7434,85
P000000511,5,4,17,2022-02-17,15316,270
P000000512,23,1,4,2022-01-26,10479,45
P000000513,23,3,15,2022-02-05,2751,153
P000000514,15,6,4,2022-07-07,12586,7
P000000515,8,3,7,2022-08-22,2786,51
P000000516,11,3,5,2022-11-08,2303,67
P000000517,12,1,4,2022-01-13,8113,194
P000000518,6,3,1,2022-02-03,12271,116
P000000519,12,3,9,2022-07-27,11298,41
P000000520,21,4,10,2022-10-03,15855,111
P000000521,13,5,3,2022-08-23,12404,334
P000000522,14,5,11,2022-04-25,3990,155
P000000523,18,1,14,2022-07-03,10808,407
P000000524,19,1,17,2022-12-07,4858,52
P000000525,23,5,16,2022-05-16,7742,138
P000000526,6,2,20,2022-02-03,3752,70
P000000527,12,4,3,2022-05-30,1218,149
P000000528,12,1,13,2022-10-06,10983,179
P000000529,7,5,4,2022-07-25,6769,353
P000000530,13,4,15,2022-09-06,4361,97
P000000531,18,5,14,2022-12-05,777,60
P000000532,6,5,10,2022-09-05,3843,5
P000000533,7,6,13,2022-09-08,6930,182
P000000534,2,2,9,2022-04-13,5733,114
P000000535,20,5,8,2022-02-05,8393,46
P000000536,24,5,4,2022-09-08,3822,320
P000000537,22,3,19,2022-08-23,6342,178
P000000538,6,2,21,2022-05-13,6510,170
P000000539,11,5,13,2022-01-02,10171,67
P000000540,22,5,1,2022-06-23,5908,301
P000000541,23,1,9,2022-05-24,10164,134
P000000542,4,6,15,2022-01-04,1064,211
P000000543,22,6,2,2022-07-27,9716,151
P000000544,25,2,18,2022-01-27,22050,208
P000000545,4,2,9,2022-12-08,2541,134
P000000546,3,6,6,2022-01-02,9989,49
P000000547,8,2,5,2022-02-03,4739,204
P000000548,21,3,4,2022-06-30,3185,34
P000000549,24,3,21,2022-01-17,8225,91
P000000550,7,5,14,2022-07-07,14301,130
P000000551,10,4,15,2022-01-31,1316,107
P000000552,13,1,4,2022-10-08,3486,121
P000000553,13,5,18,2022-08-18,13930,339
P000000554,7,4,22,2022-06-15,5509,321
P000000555,12,5,7,2022-01-26,8470,9
P000000556,21,5,21,2022-04-29,77,69
P000000557,10,6,22,2022-03-03,3381,72
P000000558,17,3,6,2022-02-22,4102,392
P000000559,5,5,20,2022-04-03,3577,158
P000000560,18,2,20,2022-07-07,2975,9
P000000561,22,4,8,2022-06-17,4137,347
P000000562,4,6,8,2022-02-08,9541,114
P000000563,5,5,7,2022-12-08,8001,120
P000000564,23,4,18,2022-01-28,5152,333
P000000565,21,3,16,2022-04-29,11116,432
P000000566,12,3,13,2022-05-04,13076,236
P000000567,17,6,13,2022-01-18,10213,135
P000000568,1,1,7,2022-05-16,2485,97
P000000569,21,3,22,2022-08-24,8715,168
P000000570,15,2,3,2022-01-18,273,402
P000000571,17,5,11,2022-08-22,7623,10
P000000572,6,1,4,2022-07-03,7,84
P000000573,13,1,9,2022-04-03,3010,69
P000000574,24,6,13,2022-04-22,11550,111
P000000575,17,3,14,2022-09-06,4046,89
P000000576,4,6,12,2022-07-25,8904,199
P000000577,4,2,20,2022-03-08,11298,89
P000000578,8,3,13,2022-03-08,4396,131
P000000579,1,1,14,2022-03-05,12068,227
P000000580,16,6,5,2022-01-19,9772,301
P000000581,14,5,1,2022-11-02,10458,316
P000000582,2,2,6,2022-06-14,6426,390
P000000583,21,5,1,2022-03-23,6188,223
P000000584,23,6,3,2022-02-17,7504,101
P000000585,18,6,20,2022-03-17,1750,479
P000000586,10,3,21,2022-06-29,5439,287
P000000587,25,6,9,2022-08-24,15547,269
P000000588,3,6,21,2022-04-07,11956,277
P000000589,14,4,6,2022-03-28,2723,67
P000000590,15,2,20,2022-04-19,19327,135
P000000591,25,4,15,2022-01-18,9058,229
P000000592,2,4,12,2022-01-17,2996,88
P000000593,20,4,15,2022-02-15,8848,211
P000000594,20,1,14,2022-11-02,14336,293
P000000595,22,5,13,2022-03-21,16401,179
P000000596,6,4,6,2022-05-01,5173,129
P000000597,7,2,19,2022-05-30,6328,164
P000000598,1,5,4,2022-04-01,2534,219
P000000599,13,3,12,2022-04-22,1435,258
P000000600,3,6,14,2022-10-02,3052,116
P000000601,24,2,21,2022-12-08,910,204
P000000602,6,5,17,2022-10-08,2331,321
P000000603,21,3,19,2022-07-06,679,56
P000000604,1,2,7,2022-06-06,2086,74
P000000605,11,4,7,2022-05-04,5012,189
P000000606,19,5,1,2022-04-18,4501,131
P000000607,20,2,1,2022-01-31,13482,15
P000000608,23,5,7,2022-08-22,5621,140
P000000609,1,3,4,2022-02-25,10486,198
P000000610,4,3,15,2022-02-22,17626,103
P000000611,5,4,14,2022-12-01,4494,187
P000000612,7,1,6,2022-05-25,105,125
P000000613,21,2,20,2022-01-02,2464,8
P000000614,8,1,11,2022-04-27,1379,70
P000000615,3,5,20,2022-07-22,2583,126
P000000616,15,4,15,2022-01-26,3220,265
P000000617,15,5,15,2022-08-24,4802,296
P000000618,23,4,12,2022-01-18,5677,21
P000000619,11,2,3,2022-03-30,945,83
P000000620,25,3,8,2022-01-17,8757,162
P000000621,21,5,12,2022-02-17,4816,145
P000000622,21,6,18,2022-08-04,7532,44
P000000623,3,6,10,2022-06-07,3549,82
P000000624,16,2,12,2022-04-04,4340,226
P000000625,4,4,17,2022-02-03,1799,207
P000000626,3,4,19,2022-09-08,1127,176
P000000627,18,3,14,2022-09-06,10038,286
P000000628,25,1,8,2022-02-06,2926,300
P000000629,2,5,12,2022-05-07,6279,235
P000000630,20,6,11,2022-11-08,308,125
P000000631,23,2,9,2022-11-02,3500,145
P000000632,21,4,21,2022-11-08,658,65
P000000633,14,3,10,2022-12-05,12565,102
P000000634,19,5,14,2022-07-15,5012,93
P000000635,20,2,17,2022-01-18,3955,134
P000000636,23,1,12,2022-05-01,8512,189
P000000637,15,3,1,2022-06-29,504,232
P000000638,7,6,19,2022-06-14,2800,45
P000000639,6,2,15,2022-08-08,4256,67
P000000640,18,2,15,2022-03-23,13573,138
P000000641,9,2,8,2022-04-01,6566,99
P000000642,7,2,14,2022-02-22,13503,251
P000000643,13,1,21,2022-02-17,8680,252
P000000644,9,5,6,2022-03-02,385,78
P000000645,2,6,19,2022-03-17,1267,130
P000000646,19,3,7,2022-01-25,2961,154
P000000647,7,3,14,2022-07-27,1981,52
P000000648,16,3,12,2022-01-28,7959,53
P000000649,23,3,17,2022-05-07,10794,50
P000000650,2,2,22,2022-03-15,1897,44
P000000651,6,6,5,2022-04-08,2744,200
P000000652,4,5,12,2022-06-27,4382,361
P000000653,4,6,5,2022-07-13,4515,172
P000000654,9,4,13,2022-02-24,5474,239
P000000655,11,4,3,2022-06-28,6069,55
P000000656,5,3,3,2022-06-30,6944,27
P000000657,15,6,9,2022-08-18,5859,7
P000000658,17,2,2,2022-01-24,12173,301
P000000659,13,5,22,2022-11-03,5292,134
P000000660,25,4,5,2022-06-23,5705,350
P000000661,16,2,21,2022-08-22,2492,33
P000000662,6,6,1,2022-04-01,3024,23
P000000663,15,2,14,2022-05-04,3437,201
P000000664,13,2,14,2022-04-15,1869,323
P000000665,16,3,22,2022-11-05,3171,220
P000000666,20,6,13,2022-07-21,4858,488
P000000667,4,4,16,2022-11-02,1225,84
P000000668,20,6,20,2022-08-07,1155,79
P000000669,6,1,19,2022-11-08,6811,344
P000000670,16,4,5,2022-04-08,6433,7
P000000671,20,4,16,2022-06-14,8169,88
P000000672,18,1,7,2022-01-17,2275,275
P000000673,1,6,16,2022-06-23,3857,512
P000000674,1,1,20,2022-08-24,1463,113
P000000675,20,1,8,2022-07-06,7924,275
P000000676,4,1,22,2022-06-22,8799,47
P000000677,24,5,12,2022-07-13,2898,276
P000000678,21,1,9,2022-05-24,9506,212
P000000679,6,4,5,2022-09-08,7175,145
P000000680,17,6,3,2022-06-04,1729,31
P000000681,4,4,13,2022-07-28,1589,271
P000000682,6,4,19,2022-08-24,630,52
P000000683,2,3,4,2022-01-17,112,128
P000000684,15,5,10,2022-07-02,5187,142
P000000685,7,3,21,2022-09-05,6223,256
P000000686,10,4,3,2022-06-06,7714,106
P000000687,19,5,9,2022-06-06,9457,6
P000000688,13,4,17,2022-05-24,6678,226
P000000689,6,1,1,2022-01-13,2107,121
P000000690,12,5,19,2022-05-23,6069,151
P000000691,1,1,22,2022-06-29,1862,284
P000000692,1,4,3,2022-11-03,6972,89
P000000693,24,5,3,2022-04-25,10220,508
P000000694,8,3,20,2022-05-30,3969,243
P000000695,15,2,13,2022-05-23,1547,170
P000000696,10,5,18,2022-05-23,1162,18
P000000697,2,6,18,2022-06-24,6342,282
P000000698,21,4,20,2022-11-03,10633,277
P000000699,8,5,20,2022-07-27,15057,212
P000000700,8,5,22,2022-08-16,4704,126
P000000701,14,6,20,2022-07-03,9338,11
P000000702,15,4,5,2022-05-04,7959,30
P000000703,22,2,3,2022-04-05,9023,51
P000000704,25,5,9,2022-04-01,14525,92
P000000705,12,3,7,2022-01-13,5810,101
P000000706,19,4,12,2022-11-07,6426,98
P000000707,17,3,15,2022-05-17,4403,159
P000000708,22,4,18,2022-07-21,1582,62
P000000709,15,6,17,2022-02-22,791,22
P000000710,4,2,4,2022-05-23,9100,187
P000000711,8,6,10,2022-12-07,9884,200
P000000712,4,1,16,2022-06-15,3780,201
P000000713,9,4,1,2022-06-23,4557,308
P000000714,15,3,11,2022-03-25,5796,55
P000000715,4,2,8,2022-04-07,84,153
P000000716,20,1,22,2022-12-05,9037,101
P000000717,22,4,19,2022-04-04,4746,137
P000000718,23,3,16,2022-04-15,6713,398
P000000719,14,6,11,2022-08-03,6237,88
P000000720,11,2,22,2022-01-17,7483,232
P000000721,19,2,15,2022-08-22,1309,51
P000000722,20,1,4,2022-07-25,1155,66
P000000723,12,1,1,2022-06-14,2989,124
P000000724,25,2,9,2022-05-04,9625,78
P000000725,23,1,19,2022-08-26,7357,341
P000000726,19,3,1,2022-03-08,10031,114
P000000727,3,6,22,2022-11-07,6587,4
P000000728,19,4,11,2022-11-03,3311,22
P000000729,7,1,18,2022-10-01,15330,30
P000000730,14,1,7,2022-04-04,14028,351
P000000731,11,3,1,2022-01-17,6678,708
P000000732,12,4,17,2022-08-07,8624,50
P000000733,4,1,17,2022-12-04,1197,356
P000000734,8,6,12,2022-08-24,483,185
P000000735,25,1,9,2022-07-06,1687,236
P000000736,6,6,6,2022-07-28,1309,30
P000000737,16,5,4,2022-02-21,9534,111
P000000738,18,6,15,2022-08-04,1694,289
P000000739,7,1,13,2022-06-28,70,103
P000000740,2,1,7,2022-03-24,2443,20
P000000741,9,3,8,2022-07-29,2933,55
P000000742,18,5,11,2022-05-25,2044,90
P000000743,3,3,19,2022-03-30,6524,303
P000000744,18,5,17,2022-07-18,12656,126
P000000745,13,6,16,2022-10-05,8722,109
P000000746,10,3,9,2022-03-18,15750,92
P000000747,25,2,8,2022-06-15,6839,56
P000000748,2,6,1,2022-12-05,13685,58
P000000749,21,4,7,2022-06-23,2912,110
P000000750,13,2,21,2022-04-21,3339,171
P000000751,3,3,6,2022-08-17,910,117
P000000752,8,4,11,2022-07-02,19481,51
P000000753,21,6,20,2022-03-17,8099,118
P000000754,4,2,7,2022-01-08,13727,79
P000000755,1,3,14,2022-03-18,8659,29
P000000756,3,6,12,2022-06-14,5782,103
P000000757,13,1,11,2022-04-22,8463,155
P000000758,12,4,11,2022-01-18,4914,31
P000000759,16,3,4,2022-08-26,3087,128
P000000760,6,4,12,2022-10-06,9205,419
P000000761,15,6,2,2022-01-31,2303,7
P000000762,21,4,13,2022-08-04,1358,106
P000000763,24,3,7,2022-07-06,3605,68
P000000764,9,3,3,2022-10-02,8498,44
P000000765,13,3,1,2022-05-16,700,457
P000000766,6,2,7,2022-03-18,2191,524
P000000767,2,3,1,2022-07-13,644,137
P000000768,5,5,13,2022-07-25,4340,86
P000000769,2,6,9,2022-08-19,2282,296
P000000770,11,6,2,2022-06-24,7714,597
P000000771,21,6,12,2022-06-20,826,149
P000000772,22,2,4,2022-02-08,203,207
P000000773,23,4,2,2022-02-22,13356,93
P000000774,10,4,16,2022-01-02,6510,23
P000000775,4,6,2,2022-02-14,5894,305
P000000776,21,3,14,2022-02-24,7910,125
P000000777,18,2,16,2022-03-18,784,129
P000000778,16,1,11,2022-08-30,1750,252
P000000779,3,5,18,2022-09-05,280,75
P000000780,19,5,20,2022-01-18,504,87
P000000781,15,2,22,2022-04-07,7154,342
P000000782,5,4,21,2022-03-06,1617,13
P000000783,13,4,18,2022-02-23,10822,30
P000000784,24,4,4,2022-09-05,10724,203
P000000785,21,2,2,2022-06-06,3640,106
P000000786,21,2,10,2022-04-07,7532,234
P000000787,7,4,10,2022-06-06,1582,100
P000000788,24,3,6,2022-05-13,1456,91
P000000789,19,4,17,2022-01-31,2016,277
P000000790,25,4,8,2022-06-30,7588,42
P000000791,9,6,13,2022-08-25,3402,249
P000000792,3,4,20,2022-10-01,700,97
P000000793,7,5,13,2022-08-22,1904,8
P000000794,14,4,3,2022-04-14,4844,275
P000000795,5,1,20,2022-05-31,9625,313
P000000796,5,1,19,2022-08-04,4599,323
P000000797,14,5,10,2022-02-21,3003,155
P000000798,20,3,13,2022-03-30,9744,377
P000000799,10,2,19,2022-02-03,1400,2
P000000800,1,5,16,2022-07-28,364,170
P000000801,17,4,2,2022-03-24,7231,38
P000000802,15,3,5,2022-11-08,63,105
P000000803,16,1,6,2022-05-17,8309,166
P000000804,17,6,9,2022-05-18,3164,164
P000000805,14,1,18,2022-08-17,5691,171
P000000806,25,4,11,2022-04-04,490,49
P000000807,7,2,3,2022-09-08,18032,205
P000000808,7,4,17,2022-01-17,637,313
P000000809,20,6,22,2022-02-14,4067,29
P000000810,3,4,16,2022-05-16,8204,307
P000000811,25,6,20,2022-03-16,9870,121
P000000812,16,6,2,2022-01-31,5131,285
P000000813,9,6,17,2022-10-03,1141,205
P000000814,5,1,17,2022-06-30,7980,157
P000000815,2,4,11,2022-01-03,5229,182
P000000816,10,1,10,2022-05-27,3423,100
P000000817,5,1,14,2022-11-07,6468,223
P000000818,11,4,15,2022-02-03,4326,61
P000000819,1,5,19,2022-04-03,7154,133
P000000820,21,1,3,2022-06-23,3997,228
P000000821,21,5,6,2022-01-27,5180,233
P000000822,12,6,16,2022-01-14,2723,425
P000000823,18,2,12,2022-07-29,952,24
P000000824,7,6,20,2022-05-13,5691,495
P000000825,9,6,7,2022-03-02,10969,170
P000000826,7,2,20,2022-05-27,5964,26
P000000827,4,3,10,2022-02-18,2821,24
P000000828,7,2,21,2022-01-28,1302,33
P000000829,2,1,11,2022-06-29,5474,109
P000000830,19,2,8,2022-01-13,4179,276
P000000831,1,1,5,2022-06-27,1946,164
P000000832,9,6,22,2022-03-29,4291,1
P000000833,6,2,17,2022-03-06,7196,160
P000000834,10,6,20,2022-03-21,1939,98
P000000835,10,2,11,2022-12-04,10437,46
P000000836,8,3,19,2022-01-19,6916,259
P000000837,11,1,1,2022-06-04,3647,310
P000000838,17,3,1,2022-02-08,8995,78
P000000839,3,3,11,2022-12-04,7252,136
P000000840,5,2,10,2022-07-21,16380,130
P000000841,2,4,7,2022-03-22,9660,24
P000000842,16,2,18,2022-09-05,4522,5
P000000843,20,3,7,2022-09-08,329,109
P000000844,23,6,9,2022-07-20,3458,294
P000000845,7,2,2,2022-04-14,4641,413
P000000846,1,6,22,2022-01-25,4627,136
P000000847,20,3,6,2022-04-25,3192,175
P000000848,24,6,5,2022-01-17,252,237
P000000849,11,5,11,2022-08-15,868,125
P000000850,11,6,12,2022-02-06,210,16
P000000851,6,5,3,2022-06-30,7007,135
P000000852,24,4,19,2022-10-02,5845,91
P000000853,12,6,8,2022-02-23,1372,614
P000000854,18,2,17,2022-01-27,8428,216
P000000855,22,1,15,2022-05-26,4977,317
P000000856,7,5,2,2022-04-14,1694,21
P000000857,23,3,4,2022-01-08,4326,154
P000000858,10,3,11,2022-08-22,9527,222
P000000859,12,2,4,2022-07-22,10766,157
P000000860,16,5,12,2022-04-28,1288,27
P000000861,21,3,6,2022-05-30,4879,350
P000000862,25,5,14,2022-07-21,2408,157
P000000863,4,1,8,2022-02-08,3094,468
P000000864,7,4,2,2022-06-15,7231,130
P000000865,5,2,3,2022-05-07,8981,130
P000000866,17,4,20,2022-12-04,7,518
P000000867,3,3,2,2022-08-18,1372,105
P000000868,4,1,1,2022-12-01,5250,293
P000000869,6,6,22,2022-11-08,7560,15
P000000870,1,3,21,2022-01-13,5012,384
P000000871,16,1,7,2022-04-29,3038,135
P000000872,8,4,5,2022-07-07,1099,92
P000000873,23,4,15,2022-11-03,7413,4
P000000874,23,1,2,2022-02-16,5397,239
P000000875,9,3,17,2022-07-01,2303,33
P000000876,13,4,10,2022-12-01,1141,518
P000000877,13,2,11,2022-09-06,10325,147
P000000878,20,2,11,2022-05-16,2149,84
P000000879,3,1,3,2022-06-23,12362,94
P000000880,14,1,19,2022-01-28,12635,194
P000000881,24,1,15,2022-07-14,2443,216
P000000882,9,6,10,2022-04-18,6237,247
P000000883,5,5,14,2022-06-14,1736,79
P000000884,5,1,16,2022-04-15,7315,237
P000000885,15,6,18,2022-05-19,4935,63
P000000886,3,2,22,2022-04-13,1393,172
P000000887,16,6,9,2022-08-15,3381,408
P000000888,19,2,9,2022-08-22,2933,233
P000000889,19,4,7,2022-04-22,3836,59
P000000890,17,1,9,2022-03-08,8022,123
P000000891,18,4,17,2022-04-01,371,229
P000000892,21,6,5,2022-01-13,16702,198
P000000893,2,3,7,2022-11-05,13258,32
P000000894,16,4,18,2022-02-16,2058,236
P000000895,17,1,8,2022-05-20,10192,67
P000000896,1,1,10,2022-03-02,7140,438
P000000897,13,2,13,2022-06-05,9835,167
P000000898,6,1,9,2022-06-30,5775,135
P000000899,6,1,20,2022-03-22,749,148
P000000900,22,6,16,2022-02-17,7770,54
P000000901,1,1,3,2022-07-07,5502,64
P000000902,5,1,2,2022-03-16,6223,181
P000000903,21,1,4,2022-12-08,3507,114
P000000904,3,4,5,2022-01-21,5600,181
P000000905,5,3,1,2022-06-05,721,151
P000000906,5,6,1,2022-06-24,6615,137
P000000907,9,5,22,2022-05-05,7420,163
P000000908,8,4,4,2022-03-25,3164,84
P000000909,15,3,8,2022-02-14,9114,140
P000000910,15,4,3,2022-12-05,5404,187
P000000911,9,4,20,2022-01-25,3990,169
P000000912,25,1,3,2022-06-28,14924,12
P000000913,18,3,10,2022-07-13,7091,194
P000000914,14,5,14,2022-05-16,2807,252
P000000915,4,2,5,2022-03-14,6496,168
P000000916,6,5,5,2022-08-15,3738,261
P000000917,25,2,16,2022-02-16,1190,256
P000000918,10,1,13,2022-06-15,8379,43
P000000919,9,3,19,2022-05-27,9268,100
P000000920,19,5,10,2022-06-14,1029,98
P000000921,19,2,11,2022-02-25,3549,76
P000000922,19,2,5,2022-04-08,12026,262
P000000923,21,2,4,2022-06-28,2303,244
P000000924,6,6,21,2022-05-04,13405,12
P000000925,23,6,18,2022-05-07,14763,113
P000000926,17,4,11,2022-01-20,12894,48
P000000927,25,4,10,2022-02-16,8302,131
P000000928,15,1,10,2022-12-07,455,174
P000000929,21,2,19,2022-06-16,8183,254
P000000930,24,3,9,2022-04-13,1645,284
P000000931,17,1,1,2022-02-21,3143,67
P000000932,14,6,9,2022-11-05,5873,249
P000000933,25,2,1,2022-04-15,11298,313
P000000934,5,6,18,2022-07-06,12425,167
P000000935,5,1,22,2022-06-27,1715,286
P000000936,9,2,5,2022-07-29,8190,109
P000000937,19,6,20,2022-02-06,4991,166
P000000938,8,2,15,2022-01-26,15491,85
P000000939,8,6,4,2022-02-03,5096,142
P000000940,2,3,2,2022-10-01,7063,104
P000000941,13,5,2,2022-06-27,2275,115
P000000942,9,6,16,2022-06-30,7602,18
P000000943,14,3,3,2022-08-07,4200,80
P000000944,5,2,21,2022-08-06,11137,88
P000000945,4,1,13,2022-08-18,3388,212
P000000946,17,3,5,2022-08-04,6832,306
P000000947,19,6,12,2022-08-08,3437,181
P000000948,19,1,14,2022-08-26,301,65
P000000949,5,6,12,2022-01-14,1869,158
P000000950,18,5,7,2022-11-08,17465,271
P000000951,23,5,6,2022-05-31,10143,24
P000000952,2,4,1,2022-11-07,3626,10
P000000953,11,6,8,2022-02-03,3346,304
P000000954,23,3,19,2022-07-13,6321,88
P000000955,8,1,21,2022-03-08,9345,133
P000000956,15,1,18,2022-01-03,15008,165
P000000957,21,4,22,2022-04-13,7609,150
P000000958,13,6,12,2022-02-14,10332,180
P000000959,10,2,22,2022-07-26,819,213
P000000960,7,1,10,2022-01-27,5754,133
P000000961,1,2,18,2022-04-14,28,446
P000000962,5,5,6,2022-05-19,6440,141
P000000963,16,2,11,2022-09-02,4956,58
P000000964,7,1,21,2022-05-25,2352,58
P000000965,5,3,13,2022-01-26,3906,76
P000000966,13,2,22,2022-04-07,1813,296
P000000967,25,2,6,2022-04-13,11788,73
P000000968,3,3,20,2022-01-25,5768,119
P000000969,22,5,3,2022-04-25,2401,78
P000000970,22,5,11,2022-10-06,4515,392
P000000971,23,4,22,2022-08-22,10794,51
P000000972,2,2,5,2022-06-27,13706,207
P000000973,16,2,16,2022-06-30,4361,40
P000000974,1,2,6,2022-08-30,10122,100
P000000975,11,3,19,2022-08-23,994,57
P000000976,22,4,4,2022-08-26,2268,42
P000000977,3,3,16,2022-09-03,574,156
P000000978,21,1,10,2022-04-20,1792,23
P000000979,10,6,8,2022-10-06,4844,539
P000000980,16,3,17,2022-08-02,938,158
P000000981,7,3,22,2022-08-25,4879,22
P000000982,24,2,18,2022-02-16,9107,73
P000000983,18,1,4,2022-05-30,12187,27
P000000984,3,4,1,2022-06-29,5670,64
P000000985,3,5,14,2022-06-16,476,133
P000000986,7,1,8,2022-04-03,2681,149
P000000987,15,4,18,2022-03-15,1533,434
P000000988,15,4,1,2022-01-27,9765,85
P000000989,13,6,10,2022-05-07,994,118
P000000990,9,5,8,2022-03-29,3318,299
P000000991,10,6,6,2022-12-05,4214,35
P000000992,5,5,10,2022-11-03,7714,44
P000000993,7,4,11,2022-11-07,4690,299
P000000994,6,4,9,2022-01-08,13062,62
P000000995,6,1,21,2022-02-16,12488,200
P000000996,15,5,5,2022-04-13,14147,235
P000000997,5,2,9,2022-02-14,49,363
P000000998,25,3,18,2022-03-14,10199,68
P000000999,5,3,21,2022-04-26,11389,26
P000001000,1,6,13,2022-05-04,3584,200
P000001001,22,6,10,2022-03-03,12481,264
P000001002,17,5,21,2022-06-13,2107,175
P000001003,12,4,2,2022-02-14,8603,352
P000001004,14,4,4,2022-04-18,7483,183
P000001005,5,4,3,2022-01-02,3381,417
P000001006,24,4,16,2022-04-08,2030,146
P000001007,20,4,6,2022-05-04,6559,158
P000001008,11,3,4,2022-01-26,10822,168
P000001009,17,1,5,2022-01-21,18697,176
P000001010,17,6,5,2022-08-22,5845,172
P000001011,17,1,10,2022-01-27,2317,224
P000001012,8,1,1,2022-02-16,10150,68
P000001013,24,5,19,2022-03-01,3437,46
P000001014,11,5,22,2022-08-24,4592,2
P000001015,5,5,21,2022-07-02,5691,417
P000001016,10,3,20,2022-11-02,4158,109
P000001017,17,6,17,2022-03-29,5684,81
P000001018,12,5,18,2022-06-15,693,350
P000001019,18,1,20,2022-04-26,546,142
P000001020,7,3,17,2022-07-15,4263,264
P000001021,13,2,17,2022-06-23,1036,20
P000001022,18,3,7,2022-11-01,13846,421
P000001023,13,1,1,2022-09-02,2499,271
P000001024,2,1,6,2022-06-06,10689,204
P000001025,24,1,8,2022-10-08,5768,235
P000001026,19,3,20,2022-04-01,2226,46
P000001027,20,6,2,2022-08-04,10262,15
P000001028,9,1,14,2022-02-03,3864,430
P000001029,2,6,10,2022-06-15,4900,709
P000001030,1,3,5,2022-02-14,5250,47
P000001031,16,1,5,2022-05-07,3507,380
P000001032,9,2,15,2022-12-01,7413,465
P000001033,15,2,15,2022-03-03,8155,96
P000001034,1,4,14,2022-05-18,2478,188
P000001035,6,2,8,2022-07-28,2471,202
P000001036,15,1,13,2022-07-02,1666,106
P000001037,20,2,16,2022-05-30,301,421
P000001038,10,3,19,2022-04-25,8400,27
P000001039,13,6,3,2022-02-16,6139,45
P000001040,21,3,10,2022-04-05,1288,60
P000001041,2,6,2,2022-02-06,7077,77
P000001042,18,5,8,2022-11-07,2317,464
P000001043,13,4,21,2022-07-06,63,60
P000001044,4,1,6,2022-06-07,9744,157
P000001045,16,2,19,2022-06-15,9954,154
P000001046,24,2,15,2022-04-14,1260,239
P000001047,22,2,10,2022-08-08,469,163
P000001048,12,1,10,2022-03-29,973,28
P000001049,14,3,17,2022-04-07,3647,76
P000001050,25,2,4,2022-02-16,455,96
P000001051,8,6,21,2022-02-05,2520,156
P000001052,2,2,11,2022-07-21,10500,106
P000001053,6,3,4,2022-08-18,7952,235
P000001054,17,5,3,2022-06-22,483,259
P000001055,22,1,18,2022-07-19,4872,126
P000001056,23,1,18,2022-12-08,7756,85
P000001057,23,5,9,2022-07-06,5446,132
P000001058,12,6,18,2022-08-03,6594,91
P000001059,25,3,9,2022-08-04,1470,167
P000001060,15,6,11,2022-06-05,721,203
P000001061,14,2,10,2022-05-31,4494,11
P000001062,2,3,15,2022-01-13,2674,295
P000001063,18,5,2,2022-03-15,658,77
P000001064,20,6,18,2022-02-16,1127,319
P000001065,3,5,2,2022-01-14,7364,196
P000001066,8,3,22,2022-03-21,6818,102
P000001067,14,6,10,2022-05-17,6776,312
P000001068,22,4,3,2022-08-08,15099,55
P000001069,23,6,14,2022-04-26,3612,82
P000001070,23,3,2,2022-04-15,3710,260
P000001071,5,6,11,2022-05-19,6111,591
P000001072,18,6,10,2022-10-01,2702,24
P000001073,10,4,5,2022-04-05,483,228
P000001074,14,6,22,2022-05-04,5887,268
P000001075,20,2,5,2022-01-17,952,68
P000001076,14,2,21,2022-03-22,10647,173
P000001077,24,3,22,2022-05-07,6055,93
P000001078,5,6,16,2022-04-27,8757,338
P000001079,17,6,6,2022-12-08,6055,73
P000001080,4,1,7,2022-11-03,721,251
P000001081,1,1,12,2022-05-13,8589,229
P000001082,18,5,20,2022-12-05,11781,91
P000001083,7,5,19,2022-12-01,672,194
P000001084,23,4,14,2022-03-29,12558,403
P000001085,14,2,1,2022-03-14,8337,12
P000001086,9,4,4,2022-05-24,8134,195
P000001087,18,6,17,2022-01-28,8491,75
P000001088,13,2,6,2022-05-24,3066,96
P000001089,7,3,18,2022-08-19,301,205
P000001090,11,3,21,2022-05-17,4410,323
P000001091,1,5,22,2022-07-06,6559,119
P000001092,25,6,17,2022-07-26,574,217
P000001093,24,2,11,2022-07-28,2086,384
P000001094,11,2,2,2022-05-23,5075,344
P000001095,1,1,15,2023-04-01,5902.13,178
P000001096,2,2,3,2023-01-08,8074.39,100
P000001097,3,2,18,2023-07-07,4666.18,100
P000001098,4,3,18,2023-04-27,14103.4,350
P000001099,1,1,18,2023-02-24,14167.84,178
P000001100,2,2,20,2023-06-06,5768.75,37
P000001101,5,1,4,2023-01-25,14673.2,175
P000001102,6,3,5,2023-03-24,3249.23,78
P000001103,1,4,1,2023-04-20,4526.24,64
P000001104,7,3,4,2023-04-07,3166.56,98
P000001105,8,1,20,2023-01-13,4866.39,65
P000001106,9,5,16,2023-10-03,4254.37,12
P000001107,10,6,11,2023-01-13,1652.61,277
P000001108,11,4,10,2023-07-28,171.49,163
P000001109,12,4,18,2023-03-08,8549.84,169
P000001110,13,3,17,2023-01-26,7807.74,355
P000001111,2,6,17,2023-02-14,4561.43,44
P000001112,14,5,20,2023-05-04,3041.12,148
P000001113,13,6,14,2023-02-16,9786.09,248
P000001114,15,1,3,2023-08-06,1131.25,175
P000001115,7,3,11,2023-06-27,7484.07,94
P000001116,6,5,21,2023-02-17,1339.61,166
P000001117,12,5,5,2023-05-30,5481.18,159
P000001118,16,1,10,2023-03-14,3275.4,120
P000001119,17,3,11,2023-02-28,7677.78,118
P000001120,11,2,12,2023-01-26,189.37,315
P000001121,14,6,21,2023-09-02,1658.79,193
P000001122,16,5,11,2023-07-07,4168.93,122
P000001123,18,4,22,2023-05-07,10604.89,165
P000001124,18,4,13,2023-06-15,5773.51,325
P000001125,2,4,3,2023-05-24,1838.78,121
P000001126,8,1,4,2023-06-29,12643.1,150
P000001127,19,3,13,2023-11-05,4439.52,95
P000001128,11,1,6,2023-06-30,7698.6,126
P000001129,20,6,5,2023-11-05,2222.3,77
P000001130,14,5,13,2023-07-22,10959.02,302
P000001131,20,1,1,2023-08-24,2854.85,337
P000001132,21,4,5,2023-07-07,147.82,74
P000001133,22,3,3,2023-05-19,3790.51,14
P000001134,11,2,13,2023-04-07,2487.19,583
P000001135,21,5,5,2023-02-06,1021.27,17
P000001136,11,5,19,2023-04-15,15370.06,353
P000001137,10,6,9,2023-11-07,5345.58,250
P000001138,20,2,21,2023-02-23,6559.44,154
P000001139,23,6,6,2023-08-22,8282.93,107
P000001140,17,5,18,2023-02-16,6981.4,189
P000001141,2,5,1,2023-01-13,10280.17,155
P000001142,15,3,14,2023-02-14,7703.62,20
P000001143,14,2,11,2023-10-06,4489.81,310
P000001144,15,2,12,2023-07-07,5806.11,190
P000001145,15,6,6,2023-03-24,5148.7,76
P000001146,7,3,12,2023-06-06,8558.59,24
P000001147,24,3,10,2023-07-19,94.19,145
P000001148,13,5,19,2023-04-19,16223.83,87
P000001149,12,2,3,2023-07-19,2439.06,175
P000001150,1,6,10,2023-07-15,466.65,23
P000001151,25,4,21,2023-02-14,4044.24,18
P000001152,7,6,4,2023-05-18,17675.28,446
P000001153,9,3,12,2023-06-30,17280.98,58
P000001154,20,3,1,2023-02-06,5091.78,219
P000001155,20,3,10,2023-06-28,1657.2,49
P000001156,12,3,17,2023-05-16,305.79,189
P000001157,21,6,7,2023-05-26,3377.41,325
P000001158,11,2,6,2023-06-07,6188.62,157
P000001159,5,2,4,2023-05-27,10914.36,11
P000001160,19,3,8,2023-04-14,2342.07,12
P000001161,2,3,17,2023-10-08,21762.8,15
P000001162,22,2,1,2023-04-07,10539.54,398
P000001163,5,2,17,2023-08-07,6665.87,60
P000001164,4,5,18,2023-07-22,9605.11,98
P000001165,3,5,9,2023-02-03,13018,103
P000001166,3,1,6,2023-10-01,6046.4,10
P000001167,1,4,22,2023-11-03,3078.33,231
P000001168,20,4,18,2023-06-20,970.96,291
P000001169,2,1,17,2023-08-26,2064.71,208
P000001170,14,6,14,2023-07-13,679.94,34
P000001171,22,5,21,2023-11-02,1311.25,251
P000001172,12,5,16,2023-01-27,8692.64,184
P000001173,2,1,4,2023-01-31,4993.21,145
P000001174,22,5,22,2023-08-18,10898.19,24
P000001175,20,5,19,2023-06-30,15565.91,21
P000001176,24,3,12,2023-08-23,280.59,328
P000001177,7,4,15,2023-01-08,66.35,197
P000001178,14,4,5,2023-05-25,8766.45,10
P000001179,14,6,17,2023-10-01,4265.48,85
P000001180,18,3,2,2023-07-02,6087.53,113
P000001181,11,5,16,2023-12-05,11694.48,425
P000001182,23,3,21,2023-07-03,7616.38,392
P000001183,18,3,3,2023-05-04,7807.02,419
P000001184,20,6,8,2023-03-01,7990.91,343
P000001185,18,1,11,2023-03-24,6757.17,276
P000001186,23,2,19,2023-07-07,4409.21,10
P000001187,2,5,5,2023-07-26,722.25,255
P000001188,19,3,17,2023-07-07,1896.24,115
P000001189,11,6,1,2023-07-15,2966.83,65
P000001190,14,4,16,2023-01-04,51.29,100
P000001191,13,3,11,2023-06-20,1835.42,6
P000001192,21,1,12,2023-06-29,14592.11,509
P000001193,12,5,1,2023-06-15,1114.13,106
P000001194,16,5,5,2023-08-04,13051.75,193
P000001195,18,3,19,2023-03-14,5997.71,31
P000001196,20,5,12,2023-07-15,1588.28,352
P000001197,21,2,11,2023-04-19,5344.21,80
P000001198,12,5,4,2023-03-28,4646.91,317
P000001199,7,6,21,2023-04-03,8929.88,100
P000001200,11,4,2,2023-02-08,141.23,38
P000001201,16,1,21,2023-08-25,5068.99,45
P000001202,12,5,6,2023-02-25,8012.72,163
P000001203,21,2,16,2023-07-06,10587.71,134
P000001204,4,2,21,2023-12-04,2155.62,495
P000001205,25,2,21,2023-06-07,11010.43,103
P000001206,21,1,20,2023-01-19,6787.72,192
P000001207,23,3,12,2023-05-01,5715.07,90
P000001208,23,6,2,2023-01-24,12100.65,142
P000001209,19,3,10,2023-06-04,623.75,285
P000001210,6,3,12,2023-06-15,6528.42,22
P000001211,3,6,7,2023-01-28,1540.55,47
P000001212,21,2,8,2023-03-16,487.06,123
P000001213,8,3,10,2023-02-21,11630.38,431
P000001214,21,5,13,2023-02-16,17297.66,96
P000001215,1,6,21,2023-01-13,2043.55,28
P000001216,21,3,11,2023-03-23,8168.86,570
P000001217,15,6,21,2023-06-16,933.45,122
P000001218,5,2,19,2023-04-14,6826.32,44
P000001219,21,1,11,2023-01-25,5029.35,61
P000001220,4,2,6,2023-11-03,5143.49,21
P000001221,24,1,6,2023-07-28,16707.88,102
P000001222,12,4,5,2023-09-03,1558.87,46
P000001223,16,3,16,2023-06-28,9332.76,196
P000001224,12,3,14,2023-07-28,2673.47,375
P000001225,21,6,4,2023-08-15,4950.21,54
P000001226,17,3,13,2023-12-01,2919.11,271
P000001227,13,4,22,2023-03-24,8003.23,7
P000001228,2,1,14,2023-07-25,4902.78,91
P000001229,5,6,4,2023-01-08,4033.53,430
P000001230,2,2,17,2023-05-16,22751.18,182
P000001231,14,2,20,2023-10-08,5118.11,137
P000001232,4,2,11,2023-05-01,2835.9,26
P000001233,25,1,20,2023-11-07,5828.22,121
P000001234,19,5,5,2023-04-25,396.19,32
P000001235,3,4,12,2023-04-04,11226.5,118
P000001236,9,5,19,2023-12-04,10102.86,107
P000001237,19,4,3,2023-02-08,2084.86,119
P000001238,3,4,13,2023-06-28,8495.79,268
P000001239,25,3,11,2023-05-07,4248.34,130
P000001240,8,4,9,2023-07-06,2236.11,46
P000001241,7,4,20,2023-01-18,1124.27,26
P000001242,7,3,7,2023-04-01,12870.47,227
P000001243,18,3,4,2023-01-31,3017.66,19
P000001244,21,2,6,2023-03-14,3574.12,149
P000001245,22,3,2,2023-04-29,6249.31,509
P000001246,5,2,20,2023-07-02,10759.61,107
P000001247,17,1,17,2023-03-31,2508.03,175
P000001248,12,2,8,2023-03-16,4997.82,83
P000001249,11,1,11,2023-01-25,7901.09,200
P000001250,2,2,7,2023-06-20,3133.42,479
P000001251,3,1,5,2023-03-29,8320.29,171
P000001252,15,3,16,2023-12-07,909.93,132
P000001253,1,6,20,2023-11-07,5631.26,142
P000001254,11,6,20,2023-01-19,3283.44,186
P000001255,20,5,3,2023-05-04,9458.03,87
P000001256,1,6,14,2023-02-21,7726.25,12
P000001257,8,4,8,2023-05-20,14369.4,15
P000001258,10,3,14,2023-07-29,2829.57,106
P000001259,9,5,12,2023-01-28,9370.61,45
P000001260,12,1,8,2023-07-19,3651.49,112
P000001261,10,4,13,2023-04-13,10229.99,12
P000001262,14,2,18,2023-11-02,11596.89,22
P000001263,14,4,14,2023-02-03,5857.9,111
P000001264,25,3,22,2023-02-03,1177.64,206
P000001265,2,5,4,2023-07-28,12930.11,6
P000001266,21,2,5,2023-07-01,1732.04,531
P000001267,7,1,22,2023-12-04,5837.17,173
P000001268,2,6,6,2023-06-27,3424.66,70
P000001269,1,3,1,2023-01-14,5700.28,422
P000001270,11,1,7,2023-07-02,5094.48,373
P000001271,1,3,16,2023-03-23,14529.2,26
P000001272,12,2,18,2023-10-01,6761.28,145
P000001273,5,1,9,2023-03-17,10370.44,44
P000001274,3,5,21,2023-01-21,12450.24,57
P000001275,9,3,22,2023-04-07,8927.63,386
P000001276,17,6,18,2023-04-07,3438.7,191
P000001277,24,5,13,2023-10-08,299.71,207
P000001278,18,3,1,2023-01-04,7374.26,12
P000001279,3,2,19,2023-02-22,2775.87,174
P000001280,22,1,22,2023-03-01,9957.66,194
P000001281,11,2,10,2023-05-31,5064.88,251
P000001282,24,1,4,2023-03-01,9865.05,273
P000001283,16,4,8,2023-01-27,571.52,489
P000001284,9,1,1,2023-01-28,656.44,67
P000001285,15,3,17,2023-06-28,4008.93,301
P000001286,16,1,9,2023-02-03,4679.06,43
P000001287,19,3,5,2023-05-27,3446.84,28
P000001288,18,5,6,2023-06-30,11884.52,82
P000001289,9,6,18,2023-07-06,2167.19,85
P000001290,17,5,2,2023-12-05,4199.84,107
P000001291,9,4,19,2023-07-29,7358.7,68
P000001292,18,1,22,2023-03-08,7870.09,274
P000001293,9,2,7,2023-08-18,7454.25,148
P000001294,2,4,20,2023-06-14,3112.3,41
P000001295,13,1,22,2023-06-30,6901.22,80
P000001296,22,4,15,2023-06-13,1178,199
P000001297,25,1,16,2023-04-27,14953.83,53
P000001298,4,3,22,2023-07-27,3958.57,33
P000001299,10,6,3,2023-04-20,1639.01,430
P000001300,8,2,21,2023-04-01,8586.04,144
P000001301,25,3,15,2023-02-21,10000.22,98
P000001302,11,3,22,2023-05-01,8448.39,52
P000001303,13,2,10,2023-07-15,6984.74,51
P000001304,7,3,9,2023-05-25,5641.54,61
P000001305,11,6,11,2023-04-20,3850.87,372
P000001306,3,5,4,2023-02-06,885.68,240
P000001307,12,1,20,2023-05-13,21251.67,91
P000001308,13,4,7,2023-03-08,1452.61,142
P000001309,13,3,14,2023-05-25,793.17,400
P000001310,2,1,19,2023-03-16,7152.22,83
P000001311,4,3,16,2023-04-07,3364.44,126
P000001312,1,2,1,2023-05-07,3470.6,129
P000001313,23,5,5,2023-03-15,4676.32,440
P000001314,9,1,19,2023-08-22,6323.45,70
P000001315,25,3,2,2023-12-01,3252.7,119
P000001316,12,1,7,2023-10-06,254.16,161
P000001317,17,3,18,2023-03-25,6127.37,299
P000001318,8,2,6,2023-07-27,3791.66,100
P000001319,16,1,8,2023-04-15,17059.69,456
P000001320,14,2,16,2023-06-27,4154.44,18
P000001321,1,1,2,2023-04-14,6168.51,280
P000001322,16,3,13,2023-03-15,7984.45,95
P000001323,23,5,11,2023-03-18,9108.33,213
P000001324,7,2,11,2023-04-29,1511.51,58
P000001325,10,4,22,2023-02-25,3364.28,265
P000001326,16,5,14,2023-02-03,934.49,54
P000001327,2,3,14,2023-06-20,8895.7,91
P000001328,13,6,22,2023-07-15,9957.2,185
P000001329,24,3,1,2023-12-05,3359.18,256
P000001330,10,4,17,2023-01-07,5098.29,276
P000001331,16,5,3,2023-08-08,398.28,52
P000001332,23,3,1,2023-07-25,7473.14,6
P000001333,19,1,10,2023-05-18,3638.66,59
P000001334,22,2,18,2023-07-15,12507.08,284
P000001335,15,2,2,2023-05-07,2393.79,48
P000001336,10,5,13,2023-04-07,6136.99,94
P000001337,24,1,2,2023-06-20,1264.43,232
P000001338,6,3,6,2023-01-25,4101.26,425
P000001339,17,4,21,2023-01-07,8106.88,40
P000001340,3,5,1,2023-04-13,2456.1,58
P000001341,13,1,20,2023-04-05,4726.6,75
P000001342,13,3,7,2023-04-08,3482.73,108
P000001343,13,2,2,2023-01-06,467.19,159
P000001344,1,1,9,2023-04-22,4875.38,185
P000001345,17,5,1,2023-03-08,70.6,27
P000001346,25,5,16,2023-10-06,1835.22,73
P000001347,6,1,13,2023-06-27,7304.74,49
P000001348,12,3,20,2023-03-01,3967.85,163
P000001349,12,2,5,2023-11-07,2800.67,190
P000001350,25,4,14,2023-08-17,4474.52,120
P000001351,8,5,12,2023-01-18,2737.03,63
P000001352,25,2,17,2023-08-03,16717.26,102
P000001353,10,3,16,2023-07-03,16112.73,282
P000001354,16,2,2,2023-09-05,6898,163
P000001355,9,4,3,2023-05-23,2151.04,170
P000001356,23,1,8,2023-04-15,172.51,152
P000001357,3,3,10,2023-07-27,2949.02,153
P000001358,12,6,9,2023-08-22,2790.72,435
P000001359,25,5,2,2023-11-05,5054.42,127
P000001360,23,2,17,2023-01-26,5418.75,37
P000001361,9,5,1,2023-04-14,14604.67,128
P000001362,18,4,15,2023-05-04,6668.93,419
P000001363,12,4,20,2023-06-14,9689.7,58
P000001364,7,6,6,2023-04-13,5026.81,123
P000001365,13,3,22,2023-06-27,2379.01,178
P000001366,24,3,11,2023-01-26,7770.55,3
P000001367,9,1,22,2023-05-07,1837.47,77
P000001368,13,6,7,2023-11-01,14625.75,90
P000001369,21,5,22,2023-07-03,10305.4,22
P000001370,17,6,1,2023-04-03,8798.99,99
P000001371,11,6,17,2023-07-15,2466.59,309
P000001372,17,1,18,2023-11-05,6564.2,92
P000001373,11,5,14,2023-01-27,4764.56,7
P000001374,11,2,16,2023-06-27,3172.08,153
P000001375,25,2,20,2023-03-08,8062,20
P000001376,19,4,15,2023-08-19,12382.41,245
P000001377,19,3,12,2023-06-15,413.6,111
P000001378,18,1,18,2023-07-02,10186.18,154
P000001379,11,3,6,2023-08-07,7936.84,138
P000001380,18,2,14,2023-04-21,1712.72,93
P000001381,25,1,15,2023-08-04,3088.98,226
P000001382,16,3,1,2023-08-19,14953.43,51
P000001383,4,2,12,2023-04-05,3219.13,54
P000001384,10,5,3,2023-11-05,2700.61,112
P000001385,10,5,11,2023-03-22,7219.96,53
P000001386,18,6,21,2023-10-08,2634.13,234
P000001387,18,5,12,2023-04-05,1630.95,321
P000001388,21,5,4,2023-08-18,8250.66,258
P000001389,24,6,19,2023-03-08,4849.3,248
P000001390,12,4,14,2023-01-14,7940.49,328
P000001391,23,3,9,2023-08-04,2106.93,69
P000001392,21,1,16,2023-01-08,3911.85,3
P000001393,18,6,11,2023-03-15,483.04,45
P000001394,11,2,15,2023-07-15,11380.7,192
P000001395,9,4,6,2023-01-13,6372.68,131
P000001396,10,3,3,2023-08-26,2714.76,52
P000001397,25,6,11,2023-10-01,2106.17,172
P000001398,3,3,22,2023-11-05,5805.24,83
P000001399,13,4,3,2023-08-30,12205.52,23
P000001400,17,5,8,2023-07-21,6318.7,124
P000001401,10,3,6,2023-01-08,8522.8,137
P000001402,7,6,3,2023-02-17,10315.88,268
P000001403,7,3,10,2023-07-27,7262.12,158
P000001404,24,5,16,2023-02-23,1414.84,112
P000001405,8,3,1,2023-03-22,3067.9,42
P000001406,18,2,4,2023-06-23,7369.69,325
P000001407,15,1,22,2023-01-02,1775.18,73
P000001408,21,3,5,2023-02-03,7683.78,279
P000001409,3,1,12,2023-06-04,1412.22,90
P000001410,6,3,19,2023-03-17,607.08,76
P000001411,15,1,12,2023-06-24,11688.75,136
P000001412,9,6,1,2023-07-19,10275.55,301
P000001413,15,5,21,2023-11-07,1788.1,271
P000001414,7,2,6,2023-01-13,2378.08,222
P000001415,5,4,20,2023-07-07,9545.03,64
P000001416,4,2,3,2023-05-25,4999.52,446
P000001417,12,2,12,2023-04-13,5312.5,160
P000001418,20,4,1,2023-02-03,3750.88,208
P000001419,6,6,19,2023-06-23,2375.74,129
P000001420,21,5,10,2023-07-26,7013.61,170
P000001421,2,6,22,2023-03-22,481.52,3
P000001422,8,5,7,2023-09-06,3136.92,64
P000001423,2,3,8,2023-05-17,6584.26,62
P000001424,25,4,18,2023-04-03,1024.77,260
P000001425,21,6,14,2023-07-07,17680.19,27
P000001426,18,6,9,2023-01-13,10707.82,124
P000001427,15,3,6,2023-07-13,3019.09,78
P000001428,23,3,3,2023-06-16,1758.62,329
P000001429,3,1,1,2023-07-18,8385.38,73
P000001430,25,1,13,2023-05-30,4854.12,411
P000001431,3,1,2,2023-06-21,949.18,83
P000001432,1,3,18,2023-06-24,6047.05,40
P000001433,12,2,11,2023-01-13,3883.32,94
P000001434,15,6,12,2023-04-04,4382.07,210
P000001435,17,1,20,2023-08-06,9928.1,599
P000001436,11,6,21,2023-02-08,6315.53,51
P000001437,21,5,17,2023-07-21,10630.08,155
P000001438,15,2,21,2023-06-20,167.33,143
P000001439,14,2,5,2023-06-22,2690.14,117
P000001440,22,3,8,2023-02-05,3242.04,15
P000001441,15,3,4,2023-07-01,5363.69,87
P000001442,10,1,1,2023-02-21,6160.89,95
P000001443,25,6,7,2023-03-21,7968.23,373
P000001444,2,1,10,2023-04-04,6388.95,131
P000001445,6,6,12,2023-03-24,15840.74,216
P000001446,6,4,21,2023-06-28,7265.05,194
P000001447,6,3,10,2023-01-14,2342.49,192
P000001448,11,4,12,2023-07-02,1365.88,147
P000001449,18,4,10,2023-11-01,4437.46,196
P000001450,1,2,4,2023-02-25,2072.24,232
P000001451,24,3,15,2023-01-08,7091.81,27
P000001452,14,3,15,2023-05-05,7213.16,277
P000001453,23,4,19,2023-05-18,9672.76,411
P000001454,24,4,9,2023-04-01,5750.05,350
P000001455,14,4,1,2023-09-05,4641.29,220
P000001456,8,2,20,2023-06-05,1871.33,88
P000001457,16,1,22,2023-01-13,10843.46,142
P000001458,14,3,6,2023-06-24,5032.45,79
P000001459,2,5,8,2023-02-14,1106.38,21
P000001460,22,3,4,2023-01-18,4977.55,97
P000001461,17,2,14,2023-02-05,3210.14,92
P000001462,25,3,20,2023-05-16,7794.8,54
P000001463,10,5,6,2023-01-28,7613.37,370
P000001464,17,6,4,2023-06-24,1332.76,409
P000001465,5,1,5,2023-07-18,2587.76,108
P000001466,6,1,11,2023-04-13,3826.22,169
P000001467,24,5,8,2023-04-15,18687.87,80
P000001468,4,2,18,2023-04-01,8859.63,184
P000001469,16,3,11,2023-04-07,7299.4,34
P000001470,13,5,20,2023-03-24,2556.26,354
P000001471,22,3,13,2023-03-17,703.4,181
P000001472,5,3,6,2023-02-15,6421.18,242
P000001473,4,5,16,2023-06-29,1048.26,149
P000001474,3,5,12,2023-05-24,3099.14,115
P000001475,10,1,14,2023-10-01,3737.68,282
P000001476,15,5,19,2023-03-15,3086.89,153
P000001477,12,6,14,2023-08-02,2618.15,312
P000001478,7,2,8,2023-02-25,1643.45,110
P000001479,6,5,11,2023-03-05,7368.94,45
P000001480,14,5,12,2023-06-14,6082.19,23
P000001481,6,2,1,2023-09-08,14456.14,79
P000001482,19,4,13,2023-11-07,4173.4,254
P000001483,17,1,13,2023-01-14,7189.18,113
P000001484,2,6,13,2023-02-24,8962.96,48
P000001485,19,4,6,2023-03-15,10085.02,146
P000001486,5,4,7,2023-04-25,12073.18,51
P000001487,18,3,17,2023-10-05,6655.62,39
P000001488,12,3,21,2023-06-23,14193.67,302
P000001489,13,6,20,2023-02-28,15507.29,352
P000001490,7,5,17,2023-05-25,17383.08,145
P000001491,14,4,7,2023-02-22,5912.59,232
P000001492,2,1,3,2023-11-07,4029.28,128
P000001493,12,6,21,2023-03-01,3563.09,344
P000001494,8,4,2,2023-08-24,773.73,280
P000001495,13,5,1,2023-07-28,2620.19,340
P000001496,7,5,15,2023-05-25,11426.56,151
P000001497,11,4,11,2023-06-05,2935.8,171
P000001498,9,2,10,2023-01-28,2431.53,148
P000001499,12,1,16,2023-06-06,11882.82,13
P000001500,7,4,7,2023-12-07,6297.06,26
P000001501,25,6,21,2023-05-08,5859.21,193
P000001502,7,5,16,2023-01-28,6276.91,157
P000001503,17,2,21,2023-08-31,5674.7,147
P000001504,10,5,1,2023-04-19,1960.1,14
P000001505,10,1,15,2023-06-29,6540.3,2
P000001506,13,2,9,2023-02-24,3818.21,287
P000001507,23,1,20,2023-04-03,14769.97,87
P000001508,3,2,11,2023-06-21,3687.44,73
P000001509,8,3,17,2023-01-26,1123.58,114
P000001510,5,4,22,2023-10-06,4612.08,38
P000001511,20,1,10,2023-05-23,1600.11,70
P000001512,21,2,14,2023-04-15,975.67,105
P000001513,11,4,8,2023-01-31,5487.3,219
P000001514,20,4,17,2023-04-03,4948.15,39
P000001515,9,4,5,2023-04-19,11460.08,81
P000001516,13,1,6,2023-05-16,2628.33,101
P000001517,5,3,19,2023-02-17,1044.35,126
P000001518,18,5,19,2023-01-18,7449.7,264
P000001519,14,6,16,2023-09-02,9315.64,88
P000001520,10,6,16,2023-03-23,3820.94,179
P000001521,23,4,8,2023-01-02,3782.83,150
P000001522,10,2,10,2023-07-03,4525.72,146
P000001523,25,1,22,2023-03-01,3730.79,237
P000001524,25,5,22,2023-11-02,6068.19,349
P000001525,18,4,16,2023-03-16,4944.46,144
P000001526,24,2,22,2023-08-15,12331.35,337
P000001527,3,2,13,2023-12-05,5290.76,76
P000001528,2,2,21,2023-11-04,6874.06,4
P000001529,4,4,15,2023-06-30,20402.17,297
P000001530,24,4,22,2023-06-15,7923.1,62
P000001531,8,6,8,2023-01-08,8145.99,100
P000001532,17,5,14,2023-06-15,16253.25,58
P000001533,7,2,5,2023-06-16,5744.07,49
P000001534,5,4,19,2023-05-13,4908.71,288
P000001535,18,5,10,2023-10-05,2369.87,139
P000001536,5,2,11,2023-08-25,5973.24,337
P000001537,25,4,17,2023-07-15,8047.16,86
P000001538,3,1,7,2023-05-16,9656.56,400
P000001539,4,3,1,2023-06-14,3925.06,186
P000001540,13,3,20,2023-01-25,11682.62,506
P000001541,25,5,17,2023-07-28,7874.15,13
P000001542,7,6,15,2023-01-28,5061.37,179
P000001543,17,1,16,2023-06-29,2099.24,186
P000001544,11,3,2,2023-06-24,237.57,311
P000001545,6,6,15,2023-01-07,8829.77,445
P000001546,14,5,18,2023-02-25,1733.09,135
P000001547,15,6,20,2023-01-08,3047.18,12
P000001548,5,3,14,2023-06-21,8497.72,276
P000001549,22,4,21,2023-01-25,12557.56,26
P000001550,3,1,14,2023-05-17,1406.91,231
P000001551,20,3,3,2023-08-23,4496.32,240
P000001552,22,3,20,2023-03-03,8220.25,125
P000001553,14,2,8,2023-05-30,9588.03,562
P000001554,11,5,10,2023-06-29,114.82,231
P000001555,20,6,17,2023-04-01,8804.98,214
P000001556,1,3,10,2023-01-14,2900.61,68
P000001557,11,5,15,2023-02-15,16773.08,58
P000001558,15,4,21,2023-10-01,4153.59,513
P000001559,23,5,22,2023-04-05,12571.07,226
P000001560,20,5,21,2023-05-23,2553.46,5
P000001561,9,4,12,2023-04-26,1888.94,159
P000001562,5,6,17,2023-05-07,1310.04,71
P000001563,23,1,17,2023-07-21,7805.9,179
P000001564,24,5,15,2023-02-21,6101.12,261
P000001565,21,5,16,2023-03-02,1425.81,133
P000001566,3,3,8,2023-08-07,8724.4,147
P000001567,10,2,1,2023-05-31,664.82,147
P000001568,2,4,15,2023-06-27,4351.31,103
P000001569,2,2,1,2023-05-13,5825.09,123
P000001570,2,5,13,2023-05-31,2418.93,110
P000001571,19,5,16,2023-02-28,7725.52,38
P000001572,9,4,11,2023-03-28,7144.08,32
P000001573,3,5,5,2023-01-14,2043.13,243
P000001574,9,4,15,2023-02-21,6526.01,147
P000001575,18,6,3,2023-01-08,11334.77,89
P000001576,13,4,20,2023-05-19,2492.67,58
P000001577,16,5,22,2023-07-13,2066.48,59
P000001578,20,3,18,2023-04-20,7009.01,150
P000001579,18,2,3,2023-06-30,4562.97,21
P000001580,15,1,1,2023-08-03,3442.99,142
P000001581,6,5,12,2023-09-03,6669.6,99
P000001582,5,6,19,2023-06-16,1902.47,217
P000001583,3,1,10,2023-06-30,6157.17,43
P000001584,21,2,15,2023-07-28,3012.68,129
P000001585,11,6,18,2023-12-08,3473.62,170
P000001586,9,1,15,2023-07-07,4129.98,332
P000001587,9,5,3,2023-08-25,14566.22,45
P000001588,16,6,11,2023-01-17,4049.61,255
P000001589,4,3,2,2023-04-03,5924.44,396
P000001590,12,4,12,2023-08-25,10100.95,4
P000001591,25,1,18,2023-04-15,2362.01,272
P000001592,17,5,17,2023-11-03,2638.76,24
P000001593,22,5,19,2023-05-20,3496.41,18
P000001594,7,4,13,2023-06-14,17222.86,44
P000001595,1,4,5,2023-04-14,1604.87,71
P000001596,1,5,20,2023-07-07,7170.21,151
P000001597,23,2,15,2023-08-24,4090.16,75
P000001598,1,2,11,2023-02-24,9574.38,134
P000001599,11,6,19,2023-09-05,717.9,213
P000001600,17,3,2,2023-08-02,7734.54,227
P000001601,14,1,2,2023-03-24,1606.49,305
P000001602,8,5,10,2023-06-20,9170.09,79
P000001603,10,6,13,2023-07-03,1583.57,122
P000001604,17,3,12,2023-06-20,7684.52,83
P000001605,5,4,17,2023-02-17,16765.07,261
P000001606,23,1,4,2023-01-26,11796.63,45
P000001607,23,3,15,2023-02-05,2766.65,148
P000001608,15,6,4,2023-07-07,13232.74,7
P000001609,8,3,7,2023-08-22,2820.41,50
P000001610,11,3,5,2023-11-08,2483.32,65
P000001611,12,1,4,2023-01-13,9124.16,209
P000001612,6,3,1,2023-02-03,12728.16,111
P000001613,12,3,9,2023-07-27,12624.64,41
P000001614,21,4,10,2023-10-03,17584.16,110
P000001615,13,5,3,2023-08-23,13156.49,360
P000001616,14,5,11,2023-04-25,4164.1,167
P000001617,18,1,14,2023-07-03,11698.98,436
P000001618,19,1,17,2023-12-07,4964.25,56
P000001619,23,5,16,2023-05-16,8258.37,132
P000001620,6,2,20,2023-02-03,3938.2,70
P000001621,12,4,3,2023-05-30,1368.27,163
P000001622,12,1,13,2023-10-06,12449.46,177
P000001623,7,5,4,2023-07-25,7323.82,339
P000001624,13,4,15,2023-09-06,4560.81,102
P000001625,18,5,14,2023-12-05,777.46,58
P000001626,6,5,10,2023-09-05,3857.27,5
P000001627,7,6,13,2023-09-08,7442.69,179
P000001628,2,2,9,2023-04-13,5799.3,125
P000001629,20,5,8,2023-02-05,8836.9,48
P000001630,24,5,4,2023-09-08,4185,315
P000001631,22,3,19,2023-08-23,6984.06,174
P000001632,6,2,21,2023-05-13,7362.7,179
P000001633,11,5,13,2023-01-02,10338.27,73
P000001634,22,5,1,2023-06-23,6215.72,324
P000001635,23,1,9,2023-05-24,10400.66,144
P000001636,4,6,15,2023-01-04,1062.61,217
P000001637,22,6,2,2023-07-27,10095.71,151
P000001638,25,2,18,2023-01-27,23251.68,210
P000001639,4,2,9,2023-12-08,2669.61,143
P000001640,3,6,6,2023-01-02,10265.97,49
P000001641,8,2,5,2023-02-03,5423.54,203
P000001642,21,3,4,2023-06-30,3272.68,32
P000001643,24,3,21,2023-01-17,8840.59,92
P000001644,7,5,14,2023-07-07,14460.51,124
P000001645,10,4,15,2023-01-31,1461.99,109
P000001646,13,1,4,2023-10-08,3701.6,131
P000001647,13,5,18,2023-08-18,13951.32,329
P000001648,7,4,22,2023-06-15,5774.92,325
P000001649,12,5,7,2023-01-26,9718.87,10
P000001650,21,5,21,2023-04-29,87.52,69
P000001651,10,6,22,2023-03-03,3398.51,74
P000001652,17,3,6,2023-02-22,4371.77,375
P000001653,5,5,20,2023-04-03,3632.32,169
P000001654,18,2,20,2023-07-07,3343.85,10
P000001655,22,4,8,2023-06-17,4400.28,364
P000001656,4,6,8,2023-02-08,10802.13,124
P000001657,5,5,7,2023-12-08,9154.17,123
P000001658,23,4,18,2023-01-28,5360.89,340
P000001659,21,3,16,2023-04-29,11597.46,462
P000001660,12,3,13,2023-05-04,14939.24,238
P000001661,17,6,13,2023-01-18,10845.85,146
P000001662,1,1,7,2023-05-16,2832.78,104
P000001663,21,3,22,2023-08-24,8879.72,177
P000001664,15,2,3,2023-01-18,298.34,399
P000001665,17,5,11,2023-08-22,7799.51,10
P000001666,6,1,4,2023-07-03,8.04,85
P000001667,13,1,9,2023-04-03,3212.35,66
P000001668,24,6,13,2023-04-22,12048.56,113
P000001669,17,3,14,2023-09-06,4499.64,91
P000001670,4,6,12,2023-07-25,9984.16,207
P000001671,4,2,20,2023-03-08,11867.83,95
P000001672,8,3,13,2023-03-08,4806.65,132
P000001673,1,1,14,2023-03-05,13420.93,232
P000001674,16,6,5,2023-01-19,10407.51,301
P000001675,14,5,1,2023-11-02,10849.39,330
P000001676,2,2,6,2023-06-14,7247.29,402
P000001677,21,5,1,2023-03-23,6387.65,227
P000001678,23,6,3,2023-02-17,8373.42,108
P000001679,18,6,20,2023-03-17,1887.19,488
P000001680,10,3,21,2023-06-29,6054.04,287
P000001681,25,6,9,2023-08-24,16254.61,268
P000001682,3,6,21,2023-04-07,13173.56,301
P000001683,14,4,6,2023-03-28,2721.46,72
P000001684,15,2,20,2023-04-19,19283.64,139
P000001685,25,4,15,2023-01-18,9327.52,232
P000001686,2,4,12,2023-01-17,3184.03,85
P000001687,20,4,15,2023-02-15,9738.74,209
P000001688,20,1,14,2023-11-02,16486.65,314
P000001689,22,5,13,2023-03-21,16792.23,184
P000001690,6,4,6,2023-05-01,5752.62,125
P000001691,7,2,19,2023-05-30,6833.28,157
P000001692,1,5,4,2023-04-01,2815.72,222
P000001693,13,3,12,2023-04-22,1545.36,269
P000001694,3,6,14,2023-10-02,3432.73,120
P000001695,24,2,21,2023-12-08,1001.99,217
P000001696,6,5,17,2023-10-08,2494.19,315
P000001697,21,3,19,2023-07-06,770.25,61
P000001698,1,2,7,2023-06-06,2261.98,73
P000001699,11,4,7,2023-05-04,5667.58,204
P000001700,19,5,1,2023-04-18,4738.71,125
P000001701,20,2,1,2023-01-31,13661.89,15
P000001702,23,5,7,2023-08-22,6067.19,151
P000001703,1,3,4,2023-02-25,11720.99,204
P000001704,4,3,15,2023-02-22,19999.55,106
P000001705,5,4,14,2023-12-01,4484.03,201
P000001706,7,1,6,2023-05-25,107.24,129
P000001707,21,2,20,2023-01-02,2525.98,8
P000001708,8,1,11,2023-04-27,1577.84,67
P000001709,3,5,20,2023-07-22,2972.07,129
P000001710,15,4,15,2023-01-26,3691.63,284
P000001711,15,5,15,2023-08-24,5188.89,293
P000001712,23,4,12,2023-01-18,5766.51,21
P000001713,11,2,3,2023-03-30,1036.77,82
P000001714,25,3,8,2023-01-17,10033.52,163
P000001715,21,5,12,2023-02-17,5220.69,154
P000001716,21,6,18,2023-08-04,8106.62,47
P000001717,3,6,10,2023-06-07,3934.09,86
P000001718,16,2,12,2023-04-04,4508.93,231
P000001719,4,4,17,2023-02-03,1921.57,226
P000001720,3,4,19,2023-09-08,1161.31,181
P000001721,18,3,14,2023-09-06,11389.29,282
P000001722,25,1,8,2023-02-06,3032.3,313
P000001723,2,5,12,2023-05-07,6871.55,238
P000001724,20,6,11,2023-11-08,339.99,124
P000001725,23,2,9,2023-11-02,3720.22,141
P000001726,21,4,21,2023-11-08,731.19,69
P000001727,14,3,10,2023-12-05,13288.65,112
P000001728,19,5,14,2023-07-15,5332.79,101
P000001729,20,2,17,2023-01-18,3971.78,131
P000001730,23,1,12,2023-05-01,9538.21,198
P000001731,15,3,1,2023-06-29,547.85,221
P000001732,7,6,19,2023-06-14,2994.76,47
P000001733,6,2,15,2023-08-08,4451.38,71
P000001734,18,2,15,2023-03-23,14691.77,143
P000001735,9,2,8,2023-04-01,7042.98,107
P000001736,7,2,14,2023-02-22,15583,248
P000001737,13,1,21,2023-02-17,9059.82,268
P000001738,9,5,6,2023-03-02,430.59,85
P000001739,2,6,19,2023-03-17,1264.25,137
P000001740,19,3,7,2023-01-25,2995.47,156
P000001741,7,3,14,2023-07-27,2117.82,56
P000001742,16,3,12,2023-01-28,8081.79,54
P000001743,23,3,17,2023-05-07,11542.54,49
P000001744,2,2,22,2023-03-15,2183.68,46
P000001745,6,6,5,2023-04-08,3125.34,191
P000001746,4,5,12,2023-06-27,4891.86,380
P000001747,4,6,5,2023-07-13,4881.32,183
P000001748,9,4,13,2023-02-24,5917.62,238
P000001749,11,4,3,2023-06-28,6312.53,60
P000001750,5,3,3,2023-06-30,7956.28,27
P000001751,15,6,9,2023-08-18,5895.88,7
P000001752,17,2,2,2023-01-24,13535.7,296
P000001753,13,5,22,2023-11-03,5639.9,129
P000001754,25,4,5,2023-06-23,5813.44,356
P000001755,16,2,21,2023-08-22,2514.82,32
P000001756,6,6,1,2023-04-01,3044.01,22
P000001757,15,2,14,2023-05-04,3902.04,214
P000001758,13,2,14,2023-04-15,1928.74,354
P000001759,16,3,22,2023-11-05,3251.53,241
P000001760,20,6,13,2023-07-21,5031.94,495
P000001761,4,4,16,2023-11-02,1350.26,89
P000001762,20,6,20,2023-08-07,1187.71,75
P000001763,6,1,19,2023-11-08,7055.38,334
P000001764,16,4,5,2023-04-08,7231.89,8
P000001765,20,4,16,2023-06-14,9295.83,93
P000001766,18,1,7,2023-01-17,2276.94,296
P000001767,1,6,16,2023-06-23,4229.79,548
P000001768,1,1,20,2023-08-24,1640.53,119
P000001769,20,1,8,2023-07-06,8234.5,294
P000001770,4,1,22,2023-06-22,10087.04,46
P000001771,24,5,12,2023-07-13,3169.26,281
P000001772,21,1,9,2023-05-24,10355.42,215
P000001773,6,4,5,2023-09-08,7772.63,140
P000001774,17,6,3,2023-06-04,1992.77,31
P000001775,4,4,13,2023-07-28,1815.56,266
P000001776,6,4,19,2023-08-24,727.11,50
P000001777,2,3,4,2023-01-17,114.96,132
P000001778,15,5,10,2023-07-02,5378.09,142
P000001779,7,3,21,2023-09-05,6707.63,269
P000001780,10,4,3,2023-06-06,8167.18,102
P000001781,19,5,9,2023-06-06,9950.14,6
P000001782,13,4,17,2023-05-24,7229.26,215
P000001783,6,1,1,2023-01-13,2260.21,128
P000001784,12,5,19,2023-05-23,6206.9,149
P000001785,1,1,22,2023-06-29,1889.83,286
P000001786,1,4,3,2023-11-03,7797.24,88
P000001787,24,5,3,2023-04-25,11644.92,536
P000001788,8,3,20,2023-05-30,4207.22,255
P000001789,15,2,13,2023-05-23,1683.88,169
P000001790,10,5,18,2023-05-23,1337.36,18
P000001791,2,6,18,2023-06-24,7147.04,300
P000001792,21,4,20,2023-11-03,12030.46,296
P000001793,8,5,20,2023-07-27,15844.58,232
P000001794,8,5,22,2023-08-16,5025.84,133
P000001795,14,6,20,2023-07-03,9902.03,12
P000001796,15,4,5,2023-05-04,7944.07,33
P000001797,22,2,3,2023-04-05,9523.65,55
P000001798,25,5,9,2023-04-01,16240.71,93
P000001799,12,3,7,2023-01-13,5891.94,109
P000001800,19,4,12,2023-11-07,6924.52,94
P000001801,17,3,15,2023-05-17,4552.57,158
P000001802,22,4,18,2023-07-21,1724.91,60
P000001803,15,6,17,2023-02-22,897.3,21
P000001804,4,2,4,2023-05-23,10283.9,178
P000001805,8,6,10,2023-12-07,10415.77,200
P000001806,4,1,16,2023-06-15,4220.83,193
P000001807,9,4,1,2023-06-23,4909.86,304
P000001808,15,3,11,2023-03-25,6549.62,53
P000001809,4,2,8,2023-04-07,88.72,165
P000001810,20,1,22,2023-12-05,9793.16,110
P000001811,22,4,19,2023-04-04,4823.65,143
P000001812,23,3,16,2023-04-15,7556.55,404
P000001813,14,6,11,2023-08-03,7082.03,95
P000001814,11,2,22,2023-01-17,8361.47,231
P000001815,19,2,15,2023-08-22,1310.5,52
P000001816,20,1,4,2023-07-25,1288.1,67
P000001817,12,1,1,2023-06-14,3288.29,133
P000001818,25,2,9,2023-05-04,10669.09,85
P000001819,23,1,19,2023-08-26,7361.93,344
P000001820,19,3,1,2023-03-08,10336.22,123
P000001821,3,6,22,2023-11-07,6985.95,4
P000001822,19,4,11,2023-11-03,3394.46,21
P000001823,7,1,18,2023-10-01,15337.23,31
P000001824,14,1,7,2023-04-04,15925.17,378
P000001825,11,3,1,2023-01-17,7355.77,772
P000001826,12,4,17,2023-08-07,9489.27,54
P000001827,4,1,17,2023-12-04,1281.32,354
P000001828,8,6,12,2023-08-24,518.07,192
P000001829,25,1,9,2023-07-06,1933.56,239
P000001830,6,6,6,2023-07-28,1308.52,30
P000001831,16,5,4,2023-02-21,9878.5,111
P000001832,18,6,15,2023-08-04,1943.7,297
P000001833,7,1,13,2023-06-28,80.62,103
P000001834,2,1,7,2023-03-24,2678.37,20
P000001835,9,3,8,2023-07-29,2931.1,60
P000001836,18,5,11,2023-05-25,2316.09,90
P000001837,3,3,19,2023-03-30,6722.22,330
P000001838,18,5,17,2023-07-18,14528.51,134
P000001839,13,6,16,2023-10-05,9390.28,104
P000001840,10,3,9,2023-03-18,16230.41,94
P000001841,25,2,8,2023-06-15,7224.39,55
P000001842,2,6,1,2023-12-05,15567.58,57
P000001843,21,4,7,2023-06-23,2964.2,105
P000001844,13,2,21,2023-04-21,3357.08,186
P000001845,3,3,6,2023-08-17,1010.37,127
P000001846,8,4,11,2023-07-02,20470.43,54
P000001847,21,6,20,2023-03-17,8762.75,115
P000001848,4,2,7,2023-01-08,14613.52,85
P000001849,1,3,14,2023-03-18,9839.46,31
P000001850,3,6,12,2023-06-14,6633.23,103
P000001851,13,1,11,2023-04-22,9749.07,169
P000001852,12,4,11,2023-01-18,5254.38,31
P000001853,16,3,4,2023-08-26,3430.43,123
P000001854,6,4,12,2023-10-06,10454.55,434
P000001855,15,6,2,2023-01-31,2413.87,7
P000001856,21,4,13,2023-08-04,1445.14,108
P000001857,24,3,7,2023-07-06,4022.64,71
P000001858,9,3,3,2023-10-02,8651.2,43
P000001859,13,3,1,2023-05-16,725.16,453
P000001860,6,2,7,2023-03-18,2385.4,540
P000001861,2,3,1,2023-07-13,726.04,131
P000001862,5,5,13,2023-07-25,4742.35,83
P000001863,2,6,9,2023-08-19,2556.96,312
P000001864,11,6,2,2023-06-24,8376.69,646
P000001865,21,6,12,2023-06-20,840.71,162
P000001866,22,2,4,2023-02-08,207.87,216
P000001867,23,4,2,2023-02-22,13370.34,94
P000001868,10,4,16,2023-01-02,6811.37,25
P000001869,4,6,2,2023-02-14,6096.52,300
P000001870,21,3,14,2023-02-24,8684.58,120
P000001871,18,2,16,2023-03-18,873.26,140
P000001872,16,1,11,2023-08-30,1912.66,253
P000001873,3,5,18,2023-09-05,321.61,76
P000001874,19,5,20,2023-01-18,511.12,96
P000001875,15,2,22,2023-04-07,7887.15,335
P000001876,5,4,21,2023-03-06,1793.67,13
P000001877,13,4,18,2023-02-23,12129.42,29
P000001878,24,4,4,2023-09-05,11749.75,213
P000001879,21,2,2,2023-06-06,3967.25,101
P000001880,21,2,10,2023-04-07,8105.37,255
P000001881,7,4,10,2023-06-06,1614.17,106
P000001882,24,3,6,2023-05-13,1613.3,91
P000001883,19,4,17,2023-01-31,2155.64,281
P000001884,25,4,8,2023-06-30,8184.37,43
P000001885,9,6,13,2023-08-25,3613.32,251
P000001886,3,4,20,2023-10-01,801.09,101
P000001887,7,5,13,2023-08-22,2069.48,8
P000001888,14,4,3,2023-04-14,5096.21,284
P000001889,5,1,20,2023-05-31,10573.5,338
P000001890,5,1,19,2023-08-04,4611.37,322
P000001891,14,5,10,2023-02-21,3288.77,148
P000001892,20,3,13,2023-03-30,10883.13,394
P000001893,10,2,19,2023-02-03,1516.56,2
P000001894,1,5,16,2023-07-28,391.33,184
P000001895,17,4,2,2023-03-24,7969.08,38
P000001896,15,3,5,2023-11-08,63.71,109
P000001897,16,1,6,2023-05-17,8832.33,175
P000001898,17,6,9,2023-05-18,3542.19,180
P000001899,14,1,18,2023-08-17,6052.07,173
P000001900,25,4,11,2023-04-04,543.2,54
P000001901,7,2,3,2023-09-08,18894.92,201
P000001902,7,4,17,2023-01-17,689.4,331
P000001903,20,6,22,2023-02-14,4435.95,31
P000001904,3,4,16,2023-05-16,9111.34,324
P000001905,25,6,20,2023-03-16,10369.71,129
P000001906,16,6,2,2023-01-31,5833.2,290
P000001907,9,6,17,2023-10-03,1229.96,219
P000001908,5,1,17,2023-06-30,8839.72,170
P000001909,2,4,11,2023-01-03,5747.66,176
P000001910,10,1,10,2023-05-27,3666.04,107
P000001911,5,1,14,2023-11-07,6853.82,220
P000001912,11,4,15,2023-02-03,4361.01,59
P000001913,1,5,19,2023-04-03,7686.15,141
P000001914,21,1,3,2023-06-23,4188.43,235
P000001915,21,5,6,2023-01-27,5425.24,234
P000001916,12,6,16,2023-01-14,2896.97,456
P000001917,18,2,12,2023-07-29,1071.31,23
P000001918,7,6,20,2023-05-13,6417.05,497
P000001919,9,6,7,2023-03-02,10967.31,172
P000001920,7,2,20,2023-05-27,6345.02,28
P000001921,4,3,10,2023-02-18,2824.71,25
P000001922,7,2,21,2023-01-28,1463.67,34
P000001923,2,1,11,2023-06-29,5856.52,115
P000001924,19,2,8,2023-01-13,4303.86,282
P000001925,1,1,5,2023-06-27,2047.77,169
P000001926,9,6,22,2023-03-29,4692.36,1
P000001927,6,2,17,2023-03-06,7302.42,153
P000001928,10,6,20,2023-03-21,2056.92,103
P000001929,10,2,11,2023-12-04,11032.79,49
P000001930,8,3,19,2023-01-19,7773.64,247
P000001931,11,1,1,2023-06-04,3843.01,295
P000001932,17,3,1,2023-02-08,9163.79,81
P000001933,3,3,11,2023-12-04,7628.59,146
P000001934,5,2,10,2023-07-21,18220.59,139
P000001935,2,4,7,2023-03-22,9828.94,24
P000001936,16,2,18,2023-09-05,4726.65,5
P000001937,20,3,7,2023-09-08,344.82,118
P000001938,23,6,9,2023-07-20,3451.24,283
P000001939,7,2,2,2023-04-14,5071.49,439
P000001940,1,6,22,2023-01-25,4719.38,132
P000001941,20,3,6,2023-04-25,3430.58,174
P000001942,24,6,5,2023-01-17,268.3,239
P000001943,11,5,11,2023-08-15,991.46,133
P000001944,11,6,12,2023-02-06,213.45,17
P000001945,6,5,3,2023-06-30,7586.38,131
P000001946,24,4,19,2023-10-02,6192.19,99
P000001947,12,6,8,2023-02-23,1510.58,602
P000001948,18,2,17,2023-01-27,8693.31,209
P000001949,22,1,15,2023-05-26,5509.77,307
P000001950,7,5,2,2023-04-14,1863.2,22
P000001951,23,3,4,2023-01-08,4822.5,159
P000001952,10,3,11,2023-08-22,10856.55,229
P000001953,12,2,4,2023-07-22,11252.11,159
P000001954,16,5,12,2023-04-28,1387.72,27
P000001955,21,3,6,2023-05-30,5509.22,341
P000001956,25,5,14,2023-07-21,2444.25,155
P000001957,4,1,8,2023-02-08,3175.62,507
P000001958,7,4,2,2023-06-15,7900.42,143
P000001959,5,2,3,2023-05-07,9072.46,142
P000001960,17,4,20,2023-12-04,8.06,513
P000001961,3,3,2,2023-08-18,1548.54,104
P000001962,4,1,1,2023-12-01,5501.67,298
P000001963,6,6,22,2023-11-08,7685.42,15
P000001964,1,3,21,2023-01-13,5147.77,402
P000001965,16,1,7,2023-04-29,3070.43,143
P000001966,8,4,5,2023-07-07,1127.5,88
P000001967,23,4,15,2023-11-03,8502.77,4
P000001968,23,1,2,2023-02-16,5961.02,241
P000001969,9,3,17,2023-07-01,2478.33,33
P000001970,13,4,10,2023-12-01,1269.56,497
P000001971,13,2,11,2023-09-06,11130.52,144
P000001972,20,2,11,2023-05-16,2455.09,83
P000001973,3,1,3,2023-06-23,12764.94,100
P000001974,14,1,19,2023-01-28,13351.42,198
P000001975,24,1,15,2023-07-14,2763.22,223
P000001976,9,6,10,2023-04-18,6523.34,245
P000001977,5,5,14,2023-06-14,1868.25,82
P000001978,5,1,16,2023-04-15,8431.83,251
P000001979,15,6,18,2023-05-19,5646.99,64
P000001980,3,2,22,2023-04-13,1484.67,180
P000001981,16,6,9,2023-08-15,3859.95,395
P000001982,19,2,9,2023-08-22,3237.3,227
P000001983,19,4,7,2023-04-22,4072.43,64
P000001984,17,1,9,2023-03-08,8054.87,118
P000001985,18,4,17,2023-04-01,420.3,224
P000001986,21,6,5,2023-01-13,17073.99,218
P000001987,2,3,7,2023-11-05,13624.31,33
P000001988,16,4,18,2023-02-16,2318.46,235
P000001989,17,1,8,2023-05-20,10740.05,67
P000001990,1,1,10,2023-03-02,7624.67,422
P000001991,13,2,13,2023-06-05,10168.32,159
P000001992,6,1,9,2023-06-30,6635.15,141
P000001993,6,1,20,2023-03-22,860.12,158
P000001994,22,6,16,2023-02-17,8671.21,52
P000001995,1,1,3,2023-07-07,5534.11,63
P000001996,5,1,2,2023-03-16,6800.26,187
P000001997,21,1,4,2023-12-08,3927.83,123
P000001998,3,4,5,2023-01-21,5833.8,196
P000001999,5,3,1,2023-06-05,733.08,147
P000002000,5,6,1,2023-06-24,7164.51,140
P000002001,9,5,22,2023-05-05,7900.52,175
P000002002,8,4,4,2023-03-25,3550.76,85
P000002003,15,3,8,2023-02-14,10281.51,136
P000002004,15,4,3,2023-12-05,5936.81,180
P000002005,9,4,20,2023-01-25,4552.15,172
P000002006,25,1,3,2023-06-28,15944.86,11
P000002007,18,3,10,2023-07-13,7722.58,188
P000002008,14,5,14,2023-05-16,3105.38,268
P000002009,4,2,5,2023-03-14,6994.35,179
P000002010,6,5,5,2023-08-15,4264.49,252
P000002011,25,2,16,2023-02-16,1215.3,271
P000002012,10,1,13,2023-06-15,8519.37,45
P000002013,9,3,19,2023-05-27,9810.95,105
P000002014,19,5,10,2023-06-14,1065.63,107
P000002015,19,2,11,2023-02-25,3894.68,80
P000002016,19,2,5,2023-04-08,12194.27,252
P000002017,21,2,4,2023-06-28,2455.13,236
P000002018,6,6,21,2023-05-04,14887.76,12
P000002019,23,6,18,2023-05-07,15276.46,121
P000002020,17,4,11,2023-01-20,13520.48,47
P000002021,25,4,10,2023-02-16,9195.53,127
P000002022,15,1,10,2023-12-07,460.98,182
P000002023,21,2,19,2023-06-16,8216.56,257
P000002024,24,3,9,2023-04-13,1863.54,277
P000002025,17,1,1,2023-02-21,3283,72
P000002026,14,6,9,2023-11-05,5967.18,247
P000002027,25,2,1,2023-04-15,12083.5,334
P000002028,5,6,18,2023-07-06,12397.06,179
P000002029,5,1,22,2023-06-27,1746.01,280
P000002030,9,2,5,2023-07-29,9021.65,104
P000002031,19,6,20,2023-02-06,5263.45,165
P000002032,8,2,15,2023-01-26,15473,91
P000002033,8,6,4,2023-02-03,5566.57,140
P000002034,2,3,2,2023-10-01,8111.43,111
P000002035,13,5,2,2023-06-27,2341.8,117
P000002036,9,6,16,2023-06-30,8650.42,19
P000002037,14,3,3,2023-08-07,4444.72,77
P000002038,5,2,21,2023-08-06,12531.37,86
P000002039,4,1,13,2023-08-18,3558.89,231
P000002040,17,3,5,2023-08-04,7889.9,300
P000002041,19,6,12,2023-08-08,3589.18,176
P000002042,19,1,14,2023-08-26,305.39,62
P000002043,5,6,12,2023-01-14,1896.64,161
P000002044,18,5,7,2023-11-08,18494.72,298
P000002045,23,5,6,2023-05-31,11103.47,24
P000002046,2,4,1,2023-11-07,4162.28,11
P000002047,11,6,8,2023-02-03,3357.3,308
P000002048,23,3,19,2023-07-13,7033.52,94
P000002049,8,1,21,2023-03-08,9896.8,143
P000002050,15,1,18,2023-01-03,15653.44,175
P000002051,21,4,22,2023-04-13,7899.31,148
P000002052,13,6,12,2023-02-14,10644.74,172
P000002053,10,2,22,2023-07-26,872.83,224
P000002054,7,1,10,2023-01-27,6337.94,128
P000002055,1,2,18,2023-04-14,31.15,451
P000002056,5,5,6,2023-05-19,7107.55,142
P000002057,16,2,11,2023-09-02,5465.85,56
P000002058,7,1,21,2023-05-25,2462.14,60
P000002059,5,3,13,2023-01-26,4194.44,80
P000002060,13,2,22,2023-04-07,1994.44,299
P000002061,25,2,6,2023-04-13,12124.05,80
P000002062,3,3,20,2023-01-25,5884.09,117
P000002063,22,5,3,2023-04-25,2639.16,80
P000002064,22,5,11,2023-10-06,5031.4,401
P000002065,23,4,22,2023-08-22,11510.71,56
P000002066,2,2,5,2023-06-27,15021.98,211
P000002067,16,2,16,2023-06-30,4517.19,40
P000002068,1,2,6,2023-08-30,10778.53,99
P000002069,11,3,19,2023-08-23,1145.72,60
P000002070,22,4,4,2023-08-26,2518.5,45
P000002071,3,3,16,2023-09-03,596.63,158
P000002072,21,1,10,2023-04-20,1858.71,24
P000002073,10,6,8,2023-10-06,5194.28,547
P000002074,16,3,17,2023-08-02,960.69,155
P000002075,7,3,22,2023-08-25,5347.12,23
P000002076,24,2,18,2023-02-16,9805.11,76
P000002077,18,1,4,2023-05-30,13205.42,26
P000002078,3,4,1,2023-06-29,5929.2,65
P000002079,3,5,14,2023-06-16,516.92,141
P000002080,7,1,8,2023-04-03,2882.76,145
P000002081,15,4,18,2023-03-15,1637.72,454
P000002082,15,4,1,2023-01-27,10791.46,88
P000002083,13,6,10,2023-05-07,1093.46,115
P000002084,9,5,8,2023-03-29,3407.61,316
P000002085,10,6,6,2023-12-05,4753.93,37
P000002086,5,5,10,2023-11-03,8280.62,47
P000002087,7,4,11,2023-11-07,4981.78,299
P000002088,6,4,9,2023-01-08,13998.33,60
P000002089,6,1,21,2023-02-16,13105.65,199
P000002090,15,5,5,2023-04-13,15728.81,256
P000002091,5,2,9,2023-02-14,53.85,399
P000002092,25,3,18,2023-03-14,10857.23,73
P000002093,5,3,21,2023-04-26,12412.53,25
P000002094,1,6,13,2023-05-04,3669.15,209
P000002095,22,6,10,2023-03-03,13555.26,279
P000002096,17,5,21,2023-06-13,2333.84,171
P000002097,12,4,2,2023-02-14,8973.05,360
P000002098,14,4,4,2023-04-18,8610.38,188
P000002099,5,4,3,2023-01-02,3432.3,452
P000002100,24,4,16,2023-04-08,2283.39,155
P000002101,20,4,6,2023-05-04,7190.49,165
P000002102,11,3,4,2023-01-26,11303.07,166
P000002103,17,1,5,2023-01-21,18911.49,171
P000002104,17,6,5,2023-08-22,6233.02,178
P000002105,17,1,10,2023-01-27,2334.5,233
P000002106,8,1,1,2023-02-16,11099.73,73
P000002107,24,5,19,2023-03-01,3590.55,47
P000002108,11,5,22,2023-08-24,5209.4,2
P000002109,5,5,21,2023-07-02,6315.14,398
P000002110,10,3,20,2023-11-02,4454.71,117
P000002111,17,6,17,2023-03-29,6078.71,78
P000002112,12,5,18,2023-06-15,695.96,363
P000002113,18,1,20,2023-04-26,563.76,151
P000002114,7,3,17,2023-07-15,4479.69,261
P000002115,13,2,17,2023-06-23,1093.72,22
P000002116,18,3,7,2023-11-01,15870.43,449
P000002117,13,1,1,2023-09-02,2529.82,297
P000002118,2,1,6,2023-06-06,11258.39,217
P000002119,24,1,8,2023-10-08,6180.45,230
P000002120,19,3,20,2023-04-01,2496.06,45
P000002121,20,6,2,2023-08-04,10964.29,16
P000002122,9,1,14,2023-02-03,4012.51,409
P000002123,2,6,10,2023-06-15,4919.25,746
P000002124,1,3,5,2023-02-14,5602.02,51
P000002125,16,1,5,2023-05-07,3563.87,372
P000002126,9,2,15,2023-12-01,8313.09,493
P000002127,15,2,15,2023-03-03,8447.48,96
P000002128,1,4,14,2023-05-18,2646.23,198
P000002129,6,2,8,2023-07-28,2706.83,198
P000002130,15,1,13,2023-07-02,1710.48,108
P000002131,20,2,16,2023-05-30,318.19,417
P000002132,10,3,19,2023-04-25,9479.65,26
P000002133,13,6,3,2023-02-16,6393.2,44
P000002134,21,3,10,2023-04-05,1355.65,60
P000002135,2,6,2,2023-02-06,7911.23,74
P000002136,18,5,8,2023-11-07,2583.03,501
P000002137,13,4,21,2023-07-06,66.13,65
P000002138,4,1,6,2023-06-07,10668.69,150
P000002139,16,2,19,2023-06-15,10994.3,152
P000002140,24,2,15,2023-04-14,1259.61,227
P000002141,22,2,10,2023-08-08,492.13,164
P000002142,12,1,10,2023-03-29,1016.77,28
P000002143,14,3,17,2023-04-07,4111.42,81
P000002144,25,2,4,2023-02-16,503.97,105
P000002145,8,6,21,2023-02-05,2883.71,163
P000002146,2,2,11,2023-07-21,11861.89,105
P000002147,6,3,4,2023-08-18,8564.73,237
P000002148,17,5,3,2023-06-22,538.03,271
P000002149,22,1,18,2023-07-19,5231.88,125
P000002150,23,1,18,2023-12-08,7916.13,84
P000002151,23,5,9,2023-07-06,6016.32,143
P000002152,12,6,18,2023-08-03,7504.86,97
P000002153,25,3,9,2023-08-04,1590.98,182
P000002154,15,6,11,2023-06-05,740.07,205
P000002155,14,2,10,2023-05-31,4591.11,11
P000002156,2,3,15,2023-01-13,2686.51,324
P000002157,18,5,2,2023-03-15,735.48,77
P000002158,20,6,18,2023-02-16,1160.54,311
P000002159,3,5,2,2023-01-14,8078.15,189
P000002160,8,3,22,2023-03-21,7467.74,111
P000002161,14,6,10,2023-05-17,7588.41,342
P000002162,22,4,3,2023-08-08,15372.54,57
P000002163,23,6,14,2023-04-26,3907.5,86
P000002164,23,3,2,2023-04-15,3740.76,255
P000002165,5,6,11,2023-05-19,6211.75,561
P000002166,18,6,10,2023-10-01,2924.46,25
P000002167,10,4,5,2023-04-05,501.79,241
P000002168,14,6,22,2023-05-04,6594.09,270
P000002169,20,2,5,2023-01-17,960.68,71
P000002170,14,2,21,2023-03-22,11370.32,170
P000002171,24,3,22,2023-05-07,6067.94,94
P000002172,5,6,16,2023-04-27,8909.75,355
P000002173,17,6,6,2023-12-08,6865.35,75
P000002174,4,1,7,2023-11-03,805.23,259
P000002175,1,1,12,2023-05-13,9851.62,221
P000002176,18,5,20,2023-12-05,11823.35,90
P000002177,7,5,19,2023-12-01,683.63,202
P000002178,23,4,14,2023-03-29,14002.42,388
P000002179,14,2,1,2023-03-14,8744.95,12
P000002180,9,4,4,2023-05-24,9294.14,201
P000002181,18,6,17,2023-01-28,8831.89,79
P000002182,13,2,6,2023-05-24,3474.98,104
P000002183,7,3,18,2023-08-19,311.61,204
P000002184,11,3,21,2023-05-17,4791.2,335
P000002185,1,5,22,2023-07-06,6646.33,117
P000002186,25,6,17,2023-07-26,593.63,229
P000002187,24,2,11,2023-07-28,2345.95,406
P000002188,11,2,2,2023-05-23,5083.07,368
P000002189,1,1,15,2024-04-01,6339.57,187
P000002190,2,2,3,2024-01-08,9005.87,90
P000002191,3,2,18,2024-07-07,5159.07,87
P000002192,4,3,18,2024-04-27,13370.97,349
P000002193,1,1,18,2024-02-24,14791.64,182
P000002194,2,2,20,2024-06-06,6429.35,40
P000002195,5,1,4,2024-01-25,15900.6,188
P000002196,6,3,5,2024-03-24,3400.26,77
P000002197,1,4,1,2024-04-20,4357.76,63
P000002198,7,3,4,2024-04-07,3356.17,111
P000002199,8,1,20,2024-01-13,5287.86,67
P000002200,9,5,16,2024-10-03,4244.36,11
P000002201,10,6,11,2024-01-13,1671.64,277
P000002202,11,4,10,2024-07-28,181.84,167
P000002203,12,4,18,2024-03-08,8950.59,189
P000002204,13,3,17,2024-01-26,7271.76,385
P000002205,2,6,17,2024-02-14,4864.83,42
P000002206,14,5,20,2024-05-04,3175.11,149
P000002207,13,6,14,2024-02-16,10137.79,250
P000002208,15,1,3,2024-08-06,1206.95,174
P000002209,7,3,11,2024-06-27,8222.65,92
P000002210,6,5,21,2024-02-17,1440.85,152
P000002211,12,5,5,2024-05-30,5611.65,159
P000002212,16,1,10,2024-03-14,3562.44,111
P000002213,17,3,11,2024-02-28,8385.26,122
P000002214,11,2,12,2024-01-26,181.31,330
P000002215,14,6,21,2024-09-02,1800.27,191
P000002216,16,5,11,2024-07-07,4449.37,113
P000002217,18,4,22,2024-05-07,10113.4,155
P000002218,18,4,13,2024-06-15,5932.84,303
P000002219,2,4,3,2024-05-24,2006.71,124
P000002220,8,1,4,2024-06-29,14086.69,157
P000002221,19,3,13,2024-11-05,4799.54,90
P000002222,11,1,6,2024-06-30,8101.98,138
P000002223,20,6,5,2024-11-05,2321.97,71
P000002224,14,5,13,2024-07-22,10245,329
P000002225,20,1,1,2024-08-24,2930.4,344
P000002226,21,4,5,2024-07-07,170.24,75
P000002227,22,3,3,2024-05-19,4247.49,14
P000002228,11,2,13,2024-04-07,2696.1,605
P000002229,21,5,5,2024-02-06,1083.76,16
P000002230,11,5,19,2024-04-15,17037.09,347
P000002231,10,6,9,2024-11-07,5706.43,247
P000002232,20,2,21,2024-02-23,6682.34,139
P000002233,23,6,6,2024-08-22,8192.6,100
P000002234,17,5,18,2024-02-16,7568.16,206
P000002235,2,5,1,2024-01-13,10772.33,156
P000002236,15,3,14,2024-02-14,7467.12,18
P000002237,14,2,11,2024-10-06,4985.9,311
P000002238,15,2,12,2024-07-07,5693.6,177
P000002239,15,6,6,2024-03-24,5879.1,75
P000002240,7,3,12,2024-06-06,9771.93,22
P000002241,24,3,10,2024-07-19,105.06,140
P000002242,13,5,19,2024-04-19,16414.69,80
P000002243,12,2,3,2024-07-19,2553.41,183
P000002244,1,6,10,2024-07-15,473.99,25
P000002245,25,4,21,2024-02-14,3873.98,19
P000002246,7,6,4,2024-05-18,17718.25,430
P000002247,9,3,12,2024-06-30,16572.07,57
P000002248,20,3,1,2024-02-06,5220.19,216
P000002249,20,3,10,2024-06-28,1797.26,49
P000002250,12,3,17,2024-05-16,295.62,182
P000002251,21,6,7,2024-05-26,3597.37,288
P000002252,11,2,6,2024-06-07,6580.43,147
P000002253,5,2,4,2024-05-27,12232.97,11
P000002254,19,3,8,2024-04-14,2243.44,11
P000002255,2,3,17,2024-10-08,22943.37,14
P000002256,22,2,1,2024-04-07,10590.61,430
P000002257,5,2,17,2024-08-07,6468.82,59
P000002258,4,5,18,2024-07-22,10463.57,109
P000002259,3,5,9,2024-02-03,14154.35,105
P000002260,3,1,6,2024-10-01,6031.14,9
P000002261,1,4,22,2024-11-03,3308.4,258
P000002262,20,4,18,2024-06-20,1119.94,283
P000002263,2,1,17,2024-08-26,2303.39,222
P000002264,14,6,14,2024-07-13,723.37,33
P000002265,22,5,21,2024-11-02,1413.64,261
P000002266,12,5,16,2024-01-27,9001.89,193
P000002267,2,1,4,2024-01-31,5283.91,136
P000002268,22,5,22,2024-08-18,10958.51,23
P000002269,20,5,19,2024-06-30,15531.78,22
P000002270,24,3,12,2024-08-23,317.36,337
P000002271,7,4,15,2024-01-08,71.41,188
P000002272,14,4,5,2024-05-25,9317.33,11
P000002273,14,6,17,2024-10-01,4790.71,86
P000002274,18,3,2,2024-07-02,6166.8,114
P000002275,11,5,16,2024-12-05,11741.46,433
P000002276,23,3,21,2024-07-03,8519.77,443
P000002277,18,3,3,2024-05-04,8278.86,453
P000002278,20,6,8,2024-03-01,7560.62,336
P000002279,18,1,11,2024-03-24,6702.11,285
P000002280,23,2,19,2024-07-07,4758.69,10
P000002281,2,5,5,2024-07-26,709.25,263
P000002282,19,3,17,2024-07-07,2003.05,110
P000002283,11,6,1,2024-07-15,3248,64
P000002284,14,4,16,2024-01-04,51.98,95
P000002285,13,3,11,2024-06-20,2134.65,6
P000002286,21,1,12,2024-06-29,15540.41,520
P000002287,12,5,1,2024-06-15,1117.77,114
P000002288,16,5,5,2024-08-04,13999.05,179
P000002289,18,3,19,2024-03-14,6265.59,31
P000002290,20,5,12,2024-07-15,1536.82,386
P000002291,21,2,11,2024-04-19,6069.93,80
P000002292,12,5,4,2024-03-28,4861.33,286
P000002293,7,6,21,2024-04-03,8993.24,97
P000002294,11,4,2,2024-02-08,150.42,40
P000002295,16,1,21,2024-08-25,5593.68,41
P000002296,12,5,6,2024-02-25,9376.61,167
P000002297,21,2,16,2024-07-06,11315.16,134
P000002298,4,2,21,2024-12-04,2048.34,506
P000002299,25,2,21,2024-06-07,12562.81,101
P000002300,21,1,20,2024-01-19,6883.75,182
P000002301,23,3,12,2024-05-01,6105.6,90
P000002302,23,6,2,2024-01-24,12634.72,145
P000002303,19,3,10,2024-06-04,663.74,285
P000002304,6,3,12,2024-06-15,7044.68,21
P000002305,3,6,7,2024-01-28,1804.9,47
P000002306,21,2,8,2024-03-16,513.43,131
P000002307,8,3,10,2024-02-21,13699.76,389
P000002308,21,5,13,2024-02-16,19995.68,94
P000002309,1,6,21,2024-01-13,2189.7,29
P000002310,21,3,11,2024-03-23,8727.09,523
P000002311,15,6,21,2024-06-16,911.46,126
P000002312,5,2,19,2024-04-14,7620.86,46
P000002313,21,1,11,2024-01-25,5054.56,60
P000002314,4,2,6,2024-11-03,5230.5,23
P000002315,24,1,6,2024-07-28,17104.04,103
P000002316,12,4,5,2024-09-03,1642.32,43
P000002317,16,3,16,2024-06-28,10322.19,182
P000002318,12,3,14,2024-07-28,2715.92,423
P000002319,21,6,4,2024-08-15,5598.05,51
P000002320,17,3,13,2024-12-01,2996.99,280
P000002321,13,4,22,2024-03-24,7946.49,7
P000002322,2,1,14,2024-07-25,4991.22,92
P000002323,5,6,4,2024-01-08,4151.7,424
P000002324,2,2,17,2024-05-16,22701.85,168
P000002325,14,2,20,2024-10-08,6014.3,141
P000002326,4,2,11,2024-05-01,2788.6,27
P000002327,25,1,20,2024-11-07,6503.75,116
P000002328,19,5,5,2024-04-25,433.92,31
P000002329,3,4,12,2024-04-04,12314.13,129
P000002330,9,5,19,2024-12-04,9876.86,106
P000002331,19,4,3,2024-02-08,2043.06,121
P000002332,3,4,13,2024-06-28,8728.8,272
P000002333,25,3,11,2024-05-07,4906.57,128
P000002334,8,4,9,2024-07-06,2278.06,49
P000002335,7,4,20,2024-01-18,1108.18,27
P000002336,7,3,7,2024-04-01,14957.65,206
P000002337,18,3,4,2024-01-31,3020.67,19
P000002338,21,2,6,2024-03-14,3677.47,152
P000002339,22,3,2,2024-04-29,6999.62,500
P000002340,5,2,20,2024-07-02,10901.65,116
P000002341,17,1,17,2024-03-31,2586.62,172
P000002342,12,2,8,2024-03-16,5077.5,81
P000002343,11,1,11,2024-01-25,8360.11,203
P000002344,2,2,7,2024-06-20,3566.77,426
P000002345,3,1,5,2024-03-29,9186.69,173
P000002346,15,3,16,2024-12-07,917.35,140
P000002347,1,6,20,2024-11-07,6199.12,132
P000002348,11,6,20,2024-01-19,3368.63,180
P000002349,20,5,3,2024-05-04,10527.23,82
P000002350,1,6,14,2024-02-21,7927.57,12
P000002351,8,4,8,2024-05-20,14493.5,15
P000002352,10,3,14,2024-07-29,3112.2,107
P000002353,9,5,12,2024-01-28,9617.64,44
P000002354,12,1,8,2024-07-19,4198.08,107
P000002355,10,4,13,2024-04-13,10927.22,11
P000002356,14,2,18,2024-11-02,10759.18,20
P000002357,14,4,14,2024-02-03,6250.42,111
P000002358,25,3,22,2024-02-03,1103.54,195
P000002359,2,5,4,2024-07-28,13435.98,6
P000002360,21,2,5,2024-07-01,1855.03,563
P000002361,7,1,22,2024-12-04,5799.09,169
P000002362,2,6,6,2024-06-27,3631.78,71
P000002363,1,3,1,2024-01-14,5461.43,456
P000002364,11,1,7,2024-07-02,5315.95,389
P000002365,1,3,16,2024-03-23,16059.94,28
P000002366,12,2,18,2024-10-01,7803.84,157
P000002367,5,1,9,2024-03-17,10751.19,44
P000002368,3,5,21,2024-01-21,12156.54,54
P000002369,9,3,22,2024-04-07,9402.26,401
P000002370,17,6,18,2024-04-07,3653.39,185
P000002371,24,5,13,2024-10-08,320.11,201
P000002372,18,3,1,2024-01-04,7618.91,12
P000002373,3,2,19,2024-02-22,2843.9,158
P000002374,22,1,22,2024-03-01,11946.4,192
P000002375,11,2,10,2024-05-31,5055.05,241
P000002376,24,1,4,2024-03-01,10378.36,301
P000002377,16,4,8,2024-01-27,595.16,461
P000002378,9,1,1,2024-01-28,639.95,71
P000002379,15,3,17,2024-06-28,3717.35,322
P000002380,16,1,9,2024-02-03,5057.1,41
P000002381,19,3,5,2024-05-27,3729.83,27
P000002382,18,5,6,2024-06-30,13786.87,85
P000002383,9,6,18,2024-07-06,2206.28,79
P000002384,17,5,2,2024-12-05,4672.25,103
P000002385,9,4,19,2024-07-29,7667.99,69
P000002386,18,1,22,2024-03-08,8338.51,270
P000002387,9,2,7,2024-08-18,7548.62,153
P000002388,2,4,20,2024-06-14,3608.83,46
P000002389,13,1,22,2024-06-30,7108.96,80
P000002390,22,4,15,2024-06-13,1293.02,201
P000002391,25,1,16,2024-04-27,15365.78,57
P000002392,4,3,22,2024-07-27,3766.49,33
P000002393,10,6,3,2024-04-20,1664.68,465
P000002394,8,2,21,2024-04-01,8972.79,134
P000002395,25,3,15,2024-02-21,10576.55,96
P000002396,11,3,22,2024-05-01,8857.15,50
P000002397,13,2,10,2024-07-15,6756.17,45
P000002398,7,3,9,2024-05-25,5532.85,63
P000002399,11,6,11,2024-04-20,3713.66,352
P000002400,3,5,4,2024-02-06,906.85,246
P000002401,12,1,20,2024-05-13,22558.88,84
P000002402,13,4,7,2024-03-08,1517.05,147
P000002403,13,3,14,2024-05-25,770.45,389
P000002404,2,1,19,2024-03-16,7623.35,80
P000002405,4,3,16,2024-04-07,3418.05,117
P000002406,1,2,1,2024-05-07,4055.71,137
P000002407,23,5,5,2024-03-15,5432.84,450
P000002408,9,1,19,2024-08-22,6016.8,71
P000002409,25,3,2,2024-12-01,3609.76,122
P000002410,12,1,7,2024-10-06,302.25,154
P000002411,17,3,18,2024-03-25,6062.87,290
P000002412,8,2,6,2024-07-27,3589.91,106
P000002413,16,1,8,2024-04-15,16457.28,442
P000002414,14,2,16,2024-06-27,4813.53,19
P000002415,1,1,2,2024-04-14,5819.17,270
P000002416,16,3,13,2024-03-15,7824.91,100
P000002417,23,5,11,2024-03-18,9446.67,193
P000002418,7,2,11,2024-04-29,1447.58,67
P000002419,10,4,22,2024-02-25,3356.27,238
P000002420,16,5,14,2024-02-03,1031.25,55
P000002421,2,3,14,2024-06-20,9471.51,95
P000002422,13,6,22,2024-07-15,10573.29,179
P000002423,24,3,1,2024-12-05,3321.9,247
P000002424,10,4,17,2024-01-07,5318,281
P000002425,16,5,3,2024-08-08,415.67,59
P000002426,23,3,1,2024-07-25,8295.88,6
P000002427,19,1,10,2024-05-18,3857.25,54
P000002428,22,2,18,2024-07-15,14102.83,291
P000002429,15,2,2,2024-05-07,2453.44,43
P000002430,10,5,13,2024-04-07,5910.67,100
P000002431,24,1,2,2024-06-20,1515.42,230
P000002432,6,3,6,2024-01-25,4498.05,464
P000002433,17,4,21,2024-01-07,8755.31,38
P000002434,3,5,1,2024-04-13,2651.48,60
P000002435,13,1,20,2024-04-05,5119.35,77
P000002436,13,3,7,2024-04-08,3360.74,119
P000002437,13,2,2,2024-01-06,495.65,146
P000002438,1,1,9,2024-04-22,5108.85,187
P000002439,17,5,1,2024-03-08,77.1,26
P000002440,25,5,16,2024-10-06,1860.29,71
P000002441,6,1,13,2024-06-27,7917.76,50
P000002442,12,3,20,2024-03-01,4059.92,179
P000002443,12,2,5,2024-11-07,2816.85,188
P000002444,25,4,14,2024-08-17,5306.48,128
P000002445,8,5,12,2024-01-18,2756.63,66
P000002446,25,2,17,2024-08-03,17903.7,107
P000002447,10,3,16,2024-07-03,15825.08,284
P000002448,16,2,2,2024-09-05,7745.33,164
P000002449,9,4,3,2024-05-23,2214.91,161
P000002450,23,1,8,2024-04-15,190.24,156
P000002451,3,3,10,2024-07-27,2960,141
P000002452,12,6,9,2024-08-22,2937.62,389
P000002453,25,5,2,2024-11-05,4778.36,124
P000002454,23,2,17,2024-01-26,5401.01,41
P000002455,9,5,1,2024-04-14,15372.94,124
P000002456,18,4,15,2024-05-04,7121.02,433
P000002457,12,4,20,2024-06-14,9057.64,56
P000002458,7,6,6,2024-04-13,5439.43,125
P000002459,13,3,22,2024-06-27,2659.78,178
P000002460,24,3,11,2024-01-26,7897.59,3
P000002461,9,1,22,2024-05-07,1959.22,70
P000002462,13,6,7,2024-11-01,15305.32,91
P000002463,21,5,22,2024-07-03,11257.11,21
P000002464,17,6,1,2024-04-03,9207.09,109
P000002465,11,6,17,2024-07-15,2769.94,302
P000002466,17,1,18,2024-11-05,7477.56,85
P000002467,11,5,14,2024-01-27,5231.54,8
P000002468,11,2,16,2024-06-27,3745.21,161
P000002469,25,2,20,2024-03-08,8503.93,19
P000002470,19,4,15,2024-08-19,12524.3,251
P000002471,19,3,12,2024-06-15,472.27,101
P000002472,18,1,18,2024-07-02,9771.87,158
P000002473,11,3,6,2024-08-07,8130.06,140
P000002474,18,2,14,2024-04-21,1624.06,96
P000002475,25,1,15,2024-08-04,2984.4,214
P000002476,16,3,1,2024-08-19,15593.5,56
P000002477,4,2,12,2024-04-05,3387.76,60
P000002478,10,5,3,2024-11-05,2847.18,115
P000002479,10,5,11,2024-03-22,7511.77,49
P000002480,18,6,21,2024-10-08,2711.58,216
P000002481,18,5,12,2024-04-05,1673.44,314
P000002482,21,5,4,2024-08-18,8853.16,261
P000002483,24,6,19,2024-03-08,4722.39,258
P000002484,12,4,14,2024-01-14,8408.12,318
P000002485,23,3,9,2024-08-04,2442.36,78
P000002486,21,1,16,2024-01-08,4010.08,3
P000002487,18,6,11,2024-03-15,492.21,45
P000002488,11,2,15,2024-07-15,11650.88,192
P000002489,9,4,6,2024-01-13,6426.04,132
P000002490,10,3,3,2024-08-26,2665.28,54
P000002491,25,6,11,2024-10-01,2048.58,170
P000002492,3,3,22,2024-11-05,6267.19,83
P000002493,13,4,3,2024-08-30,12886.26,21
P000002494,17,5,8,2024-07-21,6143.64,117
P000002495,10,3,6,2024-01-08,8273.83,130
P000002496,7,6,3,2024-02-17,12163.59,264
P000002497,7,3,10,2024-07-27,7192.41,159
P000002498,24,5,16,2024-02-23,1452.94,112
P000002499,8,3,1,2024-03-22,3375.83,41
P000002500,18,2,4,2024-06-23,8328.8,327
P000002501,15,1,22,2024-01-02,1634.54,70
P000002502,21,3,5,2024-02-03,8265.41,298
P000002503,3,1,12,2024-06-04,1448.1,92
P000002504,6,3,19,2024-03-17,709.53,77
P000002505,15,1,12,2024-06-24,12197.19,135
P000002506,9,6,1,2024-07-19,10917.59,302
P000002507,15,5,21,2024-11-07,1679.89,287
P000002508,7,2,6,2024-01-13,2303.17,225
P000002509,5,4,20,2024-07-07,9261.26,65
P000002510,4,2,3,2024-05-25,5252.8,415
P000002511,12,2,12,2024-04-13,5385.55,161
P000002512,20,4,1,2024-02-03,3741.19,222
P000002513,6,6,19,2024-06-23,2223.49,127
P000002514,21,5,10,2024-07-26,7720.37,156
P000002515,2,6,22,2024-03-22,468.09,3
P000002516,8,5,7,2024-09-06,3083.39,55
P000002517,2,3,8,2024-05-17,6898.94,58
P000002518,25,4,18,2024-04-03,1036.05,291
P000002519,21,6,14,2024-07-07,17518.04,28
P000002520,18,6,9,2024-01-13,11691.86,128
P000002521,15,3,6,2024-07-13,3136.53,74
P000002522,23,3,3,2024-06-16,1677.71,325
P000002523,3,1,1,2024-07-18,8937.37,66
P000002524,25,1,13,2024-05-30,4761.38,406
P000002525,3,1,2,2024-06-21,942.02,84
P000002526,1,3,18,2024-06-24,6623.03,39
P000002527,12,2,11,2024-01-13,4067.36,94
P000002528,15,6,12,2024-04-04,4712.55,211
P000002529,17,1,20,2024-08-06,9571.3,594
P000002530,11,6,21,2024-02-08,6779.99,46
P000002531,21,5,17,2024-07-21,10772.46,150
P000002532,15,2,21,2024-06-20,189.34,140
P000002533,14,2,5,2024-06-22,3015.47,115
P000002534,22,3,8,2024-02-05,3538.27,16
P000002535,15,3,4,2024-07-01,5196.97,87
P000002536,10,1,1,2024-02-21,6654.14,102
P000002537,25,6,7,2024-03-21,8639.19,402
P000002538,2,1,10,2024-04-04,6397.05,136
P000002539,6,6,12,2024-03-24,14596.37,196
P000002540,6,4,21,2024-06-28,7712.91,192
P000002541,6,3,10,2024-01-14,2456.77,188
P000002542,11,4,12,2024-07-02,1435.27,138
P000002543,18,4,10,2024-11-01,4324.48,202
P000002544,1,2,4,2024-02-25,2207.76,247
P000002545,24,3,15,2024-01-08,7571.51,26
P000002546,14,3,15,2024-05-05,7189.76,262
P000002547,23,4,19,2024-05-18,10858.21,451
P000002548,24,4,9,2024-04-01,6524.65,369
P000002549,14,4,1,2024-09-05,4624.45,212
P000002550,8,2,20,2024-06-05,1961.82,80
P000002551,16,1,22,2024-01-13,12782.63,158
P000002552,14,3,6,2024-06-24,4928.3,71
P000002553,2,5,8,2024-02-14,1115.84,22
P000002554,22,3,4,2024-01-18,5346.62,109
P000002555,17,2,14,2024-02-05,3168.11,93
P000002556,25,3,20,2024-05-16,9007.92,52
P000002557,10,5,6,2024-01-28,7400.07,383
P000002558,17,6,4,2024-06-24,1420.22,422
P000002559,5,1,5,2024-07-18,2555.95,109
P000002560,6,1,11,2024-04-13,4059.65,175
P000002561,24,5,8,2024-04-15,18581.37,83
P000002562,4,2,18,2024-04-01,8813.58,182
P000002563,16,3,11,2024-04-07,7914.74,31
P000002564,13,5,20,2024-03-24,2787.72,342
P000002565,22,3,13,2024-03-17,681.71,170
P000002566,5,3,6,2024-02-15,6827.53,241
P000002567,4,5,16,2024-06-29,1082,158
P000002568,3,5,12,2024-05-24,2966.98,121
P000002569,10,1,14,2024-10-01,3951.74,287
P000002570,15,5,19,2024-03-15,3151.23,144
P000002571,12,6,14,2024-08-02,2672.67,317
P000002572,7,2,8,2024-02-25,1742.37,106
P000002573,6,5,11,2024-03-05,7301.31,42
P000002574,14,5,12,2024-06-14,6322.14,26
P000002575,6,2,1,2024-09-08,13731.44,82
P000002576,19,4,13,2024-11-07,4051.88,253
P000002577,17,1,13,2024-01-14,8474.69,115
P000002578,2,6,13,2024-02-24,9426.56,49
P000002579,19,4,6,2024-03-15,9770.28,154
P000002580,5,4,7,2024-04-25,14234.61,45
P000002581,18,3,17,2024-10-05,6885.01,40
P000002582,12,3,21,2024-06-23,14687.62,293
P000002583,13,6,20,2024-02-28,16585.43,388
P000002584,7,5,17,2024-05-25,17415.67,148
P000002585,14,4,7,2024-02-22,5954.47,236
P000002586,2,1,3,2024-11-07,4179.91,140
P000002587,12,6,21,2024-03-01,3939.95,365
P000002588,8,4,2,2024-08-24,791.19,280
P000002589,13,5,1,2024-07-28,2941.65,360
P000002590,7,5,15,2024-05-25,12476.68,162
P000002591,11,4,11,2024-06-05,2817.14,191
P000002592,9,2,10,2024-01-28,2411.52,144
P000002593,12,1,16,2024-06-06,13072.74,11
P000002594,7,4,7,2024-12-07,6790.41,26
P000002595,25,6,21,2024-05-08,6092.47,201
P000002596,7,5,16,2024-01-28,7185.5,152
P000002597,17,2,21,2024-08-31,6170.8,138
P000002598,10,5,1,2024-04-19,1945.05,14
P000002599,10,1,15,2024-06-29,6767.42,2
P000002600,13,2,9,2024-02-24,3911.69,254
P000002601,23,1,20,2024-04-03,16733.76,88
P000002602,3,2,11,2024-06-21,3916.92,74
P000002603,8,3,17,2024-01-26,1082.69,106
P000002604,5,4,22,2024-10-06,4822.33,42
P000002605,20,1,10,2024-05-23,1827.45,66
P000002606,21,2,14,2024-04-15,1142.41,111
P000002607,11,4,8,2024-01-31,6290.89,232
P000002608,20,4,17,2024-04-03,5616.01,43
P000002609,9,4,5,2024-04-19,11250.69,91
P000002610,13,1,6,2024-05-16,2799.42,104
P000002611,5,3,19,2024-02-17,1157.88,114
P000002612,18,5,19,2024-01-18,7049.32,273
P000002613,14,6,16,2024-09-02,9460.5,84
P000002614,10,6,16,2024-03-23,4173.73,175
P000002615,23,4,8,2024-01-02,4005.08,150
P000002616,10,2,10,2024-07-03,4650.58,143
P000002617,25,1,22,2024-03-01,3814.56,220
P000002618,25,5,22,2024-11-02,6321.35,325
P000002619,18,4,16,2024-03-16,5245.53,144
P000002620,24,2,22,2024-08-15,12998.67,317
P000002621,3,2,13,2024-12-05,5932.12,79
P000002622,2,2,21,2024-11-04,6811.55,4
P000002623,4,4,15,2024-06-30,21381.14,311
P000002624,24,4,22,2024-06-15,8423.36,63
P000002625,8,6,8,2024-01-08,7951.43,109
P000002626,17,5,14,2024-06-15,18389.1,62
P000002627,7,2,5,2024-06-16,6555.46,45
P000002628,5,4,19,2024-05-13,5129.71,270
P000002629,18,5,10,2024-10-05,2399.02,149
P000002630,5,2,11,2024-08-25,6096.53,344
P000002631,25,4,17,2024-07-15,8134.67,83
P000002632,3,1,7,2024-05-16,9969.65,449
P000002633,4,3,1,2024-06-14,3894.16,173
P000002634,13,3,20,2024-01-25,11533.35,491
P000002635,25,5,17,2024-07-28,8754.31,14
P000002636,7,6,15,2024-01-28,5475.65,194
P000002637,17,1,16,2024-06-29,2252.94,196
P000002638,11,3,2,2024-06-24,278.78,332
P000002639,6,6,15,2024-01-07,8936.91,442
P000002640,14,5,18,2024-02-25,2010.22,144
P000002641,15,6,20,2024-01-08,2901.91,12
P000002642,5,3,14,2024-06-21,9231.31,278
P000002643,22,4,21,2024-01-25,12744.67,26
P000002644,3,1,14,2024-05-17,1436.97,248
P000002645,20,3,3,2024-08-23,4900.32,254
P000002646,22,3,20,2024-03-03,8263.11,129
P000002647,14,2,8,2024-05-30,10139.68,552
P000002648,11,5,10,2024-06-29,132.68,243
P000002649,20,6,17,2024-04-01,9479.63,217
P000002650,1,3,10,2024-01-14,3114.84,65
P000002651,11,5,15,2024-02-15,17866.48,58
P000002652,15,4,21,2024-10-01,4651.03,494
P000002653,23,5,22,2024-04-05,14360.42,218
P000002654,20,5,21,2024-05-23,2595.52,5
P000002655,9,4,12,2024-04-26,1853.03,153
P000002656,5,6,17,2024-05-07,1392.99,70
P000002657,23,1,17,2024-07-21,7943.17,174
P000002658,24,5,15,2024-02-21,5552.79,272
P000002659,21,5,16,2024-03-02,1539.14,143
P000002660,3,3,8,2024-08-07,9117.77,154
P000002661,10,2,1,2024-05-31,631.02,140
P000002662,2,4,15,2024-06-27,4486.37,104
P000002663,2,2,1,2024-05-13,5591.29,132
P000002664,2,5,13,2024-05-31,2662.54,102
P000002665,19,5,16,2024-02-28,7481.93,38
P000002666,9,4,11,2024-03-28,7418.41,31
P000002667,3,5,5,2024-01-14,1969.06,235
P000002668,9,4,15,2024-02-21,7197.75,159
P000002669,18,6,3,2024-01-08,11719.06,87
P000002670,13,4,20,2024-05-19,2755.14,63
P000002671,16,5,22,2024-07-13,2438.56,61
P000002672,20,3,18,2024-04-20,7661.86,144
P000002673,18,2,3,2024-06-30,4886.15,23
P000002674,15,1,1,2024-08-03,3572.26,156
P000002675,6,5,12,2024-09-03,6937.75,94
P000002676,5,6,19,2024-06-16,1941.25,221
P000002677,3,1,10,2024-06-30,6173.15,46
P000002678,21,2,15,2024-07-28,3105.45,116
P000002679,11,6,18,2024-12-08,3691.6,154
P000002680,9,1,15,2024-07-07,3950.65,324
P000002681,9,5,3,2024-08-25,13497.17,49
P000002682,16,6,11,2024-01-17,4389.23,241
P000002683,4,3,2,2024-04-03,6310.98,366
P000002684,12,4,12,2024-08-25,9693.37,4
P000002685,25,1,18,2024-04-15,2348.2,266
P000002686,17,5,17,2024-11-03,2518.5,24
P000002687,22,5,19,2024-05-20,3516.72,17
P000002688,7,4,13,2024-06-14,16807.37,44
P000002689,1,4,5,2024-04-14,1736.59,70
P000002690,1,5,20,2024-07-07,7900.11,168
P000002691,23,2,15,2024-08-24,4016.89,71
P000002692,1,2,11,2024-02-24,9642.62,140
P000002693,11,6,19,2024-09-05,773.7,217
P000002694,17,3,2,2024-08-02,7852.03,240
P000002695,14,1,2,2024-03-24,1649.57,293
P000002696,8,5,10,2024-06-20,9333.45,78
P000002697,10,6,13,2024-07-03,1540.11,117
P000002698,17,3,12,2024-06-20,7840.94,82
P000002699,5,4,17,2024-02-17,17102.97,267
P000002700,23,1,4,2024-01-26,11496.42,49
P000002701,23,3,15,2024-02-05,3072.89,166
P000002702,15,6,4,2024-07-07,14990.79,7
P000002703,8,3,7,2024-08-22,3170.18,49
P000002704,11,3,5,2024-11-08,2528.14,67
P000002705,12,1,4,2024-01-13,8551.6,208
P000002706,6,3,1,2024-02-03,13072.95,119
P000002707,12,3,9,2024-07-27,11987.26,41
P000002708,21,4,10,2024-10-03,18385.44,116
P000002709,13,5,3,2024-08-23,14028.4,344
P000002710,14,5,11,2024-04-25,4812.71,169
P000002711,18,1,14,2024-07-03,11963.91,446
P000002712,19,1,17,2024-12-07,5574.83,52
P000002713,23,5,16,2024-05-16,9205.15,144
P000002714,6,2,20,2024-02-03,4133.74,69
P000002715,12,4,3,2024-05-30,1312.23,164
P000002716,12,1,13,2024-10-06,11735.75,185
P000002717,7,5,4,2024-07-25,7650.76,358
P000002718,13,4,15,2024-09-06,4994.93,98
P000002719,18,5,14,2024-12-05,890.78,62
P000002720,6,5,10,2024-09-05,4142.16,5
P000002721,7,6,13,2024-09-08,7308.24,178
P000002722,2,2,9,2024-04-13,6833.86,115
P000002723,20,5,8,2024-02-05,8878.27,47
P000002724,24,5,4,2024-09-08,4134.93,307
P000002725,22,3,19,2024-08-23,6641.89,188
P000002726,6,2,21,2024-05-13,7117.3,174
P000002727,11,5,13,2024-01-02,11815.59,68
P000002728,22,5,1,2024-06-23,6962.79,303
P000002729,23,1,9,2024-05-24,11786.42,147
P000002730,4,6,15,2024-01-04,1200.19,224
P000002731,22,6,2,2024-07-27,10791.08,166
P000002732,25,2,18,2024-01-27,26170.95,224
P000002733,4,2,9,2024-12-08,2987.81,136
P000002734,3,6,6,2024-01-02,11705.99,47
P000002735,8,2,5,2024-02-03,5256.03,201
P000002736,21,3,4,2024-06-30,3794.1,36
P000002737,24,3,21,2024-01-17,9655.3,97
P000002738,7,5,14,2024-07-07,16001.54,133
P000002739,10,4,15,2024-01-31,1386.1,104
P000002740,13,1,4,2024-10-08,3821.76,122
P000002741,13,5,18,2024-08-18,15722.43,351
P000002742,7,4,22,2024-06-15,6287.25,340
P000002743,12,5,7,2024-01-26,9831.97,9
P000002744,21,5,21,2024-04-29,90.36,73
P000002745,10,6,22,2024-03-03,3799.5,71
P000002746,17,3,6,2024-02-22,4674.2,422
P000002747,5,5,20,2024-04-03,4011.83,169
P000002748,18,2,20,2024-07-07,3429.85,9
P000002749,22,4,8,2024-06-17,4920.68,380
P000002750,4,6,8,2024-02-08,10049.72,118
P000002751,5,5,7,2024-12-08,8485.1,120
P000002752,23,4,18,2024-01-28,6030.31,351
P000002753,21,3,16,2024-04-29,13331.77,443
P000002754,12,3,13,2024-05-04,15245.95,233
P000002755,17,6,13,2024-01-18,11618.55,133
P000002756,1,1,7,2024-05-16,2629.59,98
P000002757,21,3,22,2024-08-24,10089.49,168
P000002758,15,2,3,2024-01-18,308.24,402
P000002759,17,5,11,2024-08-22,7978.76,10
P000002760,6,1,4,2024-07-03,8.16,84
P000002761,13,1,9,2024-04-03,3303.13,73
P000002762,24,6,13,2024-04-22,13959.74,113
P000002763,17,3,14,2024-09-06,4251.42,91
P000002764,4,6,12,2024-07-25,9885.53,217
P000002765,4,2,20,2024-03-08,12864.47,93
P000002766,8,3,13,2024-03-08,5245.6,144
P000002767,1,1,14,2024-03-05,14345.5,219
P000002768,16,6,5,2024-01-19,11462.19,288
P000002769,14,5,1,2024-11-02,11667.94,306
P000002770,2,2,6,2024-06-14,7455.17,383
P000002771,21,5,1,2024-03-23,7203.64,234
P000002772,23,6,3,2024-02-17,8081.58,105
P000002773,18,6,20,2024-03-17,2055.4,485
P000002774,10,3,21,2024-06-29,6476.09,304
P000002775,25,6,9,2024-08-24,17490.08,289
P000002776,3,6,21,2024-04-07,13644,281
P000002777,14,4,6,2024-03-28,2930.46,70
P000002778,15,2,20,2024-04-19,22717.09,143
P000002779,25,4,15,2024-01-18,9471.72,248
P000002780,2,4,12,2024-01-17,3400.47,92
P000002781,20,4,15,2024-02-15,10696.21,201
P000002782,20,1,14,2024-11-02,17101.67,307
P000002783,22,5,13,2024-03-21,18936.88,180
P000002784,6,4,6,2024-05-01,6015.37,136
P000002785,7,2,19,2024-05-30,7623.58,162
P000002786,1,5,4,2024-04-01,2996.83,227
P000002787,13,3,12,2024-04-22,1718.97,260
P000002788,3,6,14,2024-10-02,3523.33,114
P000002789,24,2,21,2024-12-08,1092.36,209
P000002790,6,5,17,2024-10-08,2495.71,310
P000002791,21,3,19,2024-07-06,813.41,58
P000002792,1,2,7,2024-06-06,2489.06,81
P000002793,11,4,7,2024-05-04,5701.35,201
P000002794,19,5,1,2024-04-18,5084.32,126
P000002795,20,2,1,2024-01-31,15789.48,16
P000002796,23,5,7,2024-08-22,6541.75,141
P000002797,1,3,4,2024-02-25,11409.11,217
P000002798,4,3,15,2024-02-22,19258.41,99
P000002799,5,4,14,2024-12-01,5074.86,201
P000002800,7,1,6,2024-05-25,115.9,120
P000002801,21,2,20,2024-01-02,2797.19,9
P000002802,8,1,11,2024-04-27,1608.04,75
P000002803,3,5,20,2024-07-22,2960.99,133
P000002804,15,4,15,2024-01-26,3703.51,260
P000002805,15,5,15,2024-08-24,5679.57,285
P000002806,23,4,12,2024-01-18,6764.17,20
P000002807,11,2,3,2024-03-30,1108.85,87
P000002808,25,3,8,2024-01-17,9477.32,160
P000002809,21,5,12,2024-02-17,5301.93,155
P000002810,21,6,18,2024-08-04,8041.25,43
P000002811,3,6,10,2024-06-07,3716.17,89
P000002812,16,2,12,2024-04-04,4591.77,222
P000002813,4,4,17,2024-02-03,1928.33,217
P000002814,3,4,19,2024-09-08,1225.12,186
P000002815,18,3,14,2024-09-06,11326.55,296
P000002816,25,1,8,2024-02-06,3063.08,301
P000002817,2,5,12,2024-05-07,7093.33,233
P000002818,20,6,11,2024-11-08,337.37,120
P000002819,23,2,9,2024-11-02,3764.59,158
P000002820,21,4,21,2024-11-08,695.32,68
P000002821,14,3,10,2024-12-05,14609.99,111
P000002822,19,5,14,2024-07-15,5298.68,96
P000002823,20,2,17,2024-01-18,4552.3,132
P000002824,23,1,12,2024-05-01,9099.26,199
P000002825,15,3,1,2024-06-29,603.97,239
P000002826,7,6,19,2024-06-14,3172.23,46
P000002827,6,2,15,2024-08-08,4737.32,74
P000002828,18,2,15,2024-03-23,15201.56,142
P000002829,9,2,8,2024-04-01,7912.62,106
P000002830,7,2,14,2024-02-22,14190.78,269
P000002831,13,1,21,2024-02-17,9327.08,259
P000002832,9,5,6,2024-03-02,434.42,83
P000002833,2,6,19,2024-03-17,1497.58,132
P000002834,19,3,7,2024-01-25,3124.74,155
P000002835,7,3,14,2024-07-27,2356.21,54
P000002836,16,3,12,2024-01-28,8548,55
P000002837,23,3,17,2024-05-07,12094.34,52
P000002838,2,2,22,2024-03-15,2119.42,46
P000002839,6,6,5,2024-04-08,3038.32,220
P000002840,4,5,12,2024-06-27,5187.72,382
P000002841,4,6,5,2024-07-13,5384.52,180
P000002842,9,4,13,2024-02-24,6575.07,249
P000002843,11,4,3,2024-06-28,6350.37,59
P000002844,5,3,3,2024-06-30,7488.06,28
P000002845,15,6,9,2024-08-18,6997.57,7
P000002846,17,2,2,2024-01-24,13081.57,324
P000002847,13,5,22,2024-11-03,5964.72,136
P000002848,25,4,5,2024-06-23,6651.11,377
P000002849,16,2,21,2024-08-22,2606.11,31
P000002850,6,6,1,2024-04-01,3615.98,24
P000002851,15,2,14,2024-05-04,3658.27,210
P000002852,13,2,14,2024-04-15,1997.46,314
P000002853,16,3,22,2024-11-05,3618.67,213
P000002854,20,6,13,2024-07-21,5538.85,492
P000002855,4,4,16,2024-11-02,1382.49,86
P000002856,20,6,20,2024-08-07,1223.79,81
P000002857,6,1,19,2024-11-08,8043.29,344
P000002858,16,4,5,2024-04-08,6878.47,7
P000002859,20,4,16,2024-06-14,9420.22,94
P000002860,18,1,7,2024-01-17,2516.34,293
P000002861,1,6,16,2024-06-23,4334.75,529
P000002862,1,1,20,2024-08-24,1588.49,111
P000002863,20,1,8,2024-07-06,8959.38,271
P000002864,4,1,22,2024-06-22,9409.06,46
P000002865,24,5,12,2024-07-13,3315.64,268
P000002866,21,1,9,2024-05-24,10920.7,210
P000002867,6,4,5,2024-09-08,7605.55,154
P000002868,17,6,3,2024-06-04,1859.96,33
P000002869,4,4,13,2024-07-28,1743.87,259
P000002870,6,4,19,2024-08-24,758.28,57
P000002871,2,3,4,2024-01-17,125.37,138
P000002872,15,5,10,2024-07-02,6170.75,149
P000002873,7,3,21,2024-09-05,6867.13,273
P000002874,10,4,3,2024-06-06,8775.45,113
P000002875,19,5,9,2024-06-06,10422.84,6
P000002876,13,4,17,2024-05-24,7402.04,231
P000002877,6,1,1,2024-01-13,2498.04,129
P000002878,12,5,19,2024-05-23,6873.56,152
P000002879,1,1,22,2024-06-29,2015.93,304
P000002880,1,4,3,2024-11-03,8077.51,95
P000002881,24,5,3,2024-04-25,11149.46,538
P000002882,8,3,20,2024-05-30,4739.39,236
P000002883,15,2,13,2024-05-23,1844.54,185
P000002884,10,5,18,2024-05-23,1263.98,19
P000002885,2,6,18,2024-06-24,7527.84,306
P000002886,21,4,20,2024-11-03,12265.45,268
P000002887,8,5,20,2024-07-27,17662.05,230
P000002888,8,5,22,2024-08-16,5520,120
P000002889,14,6,20,2024-07-03,10712.76,11
P000002890,15,4,5,2024-05-04,8416.8,29
P000002891,22,2,3,2024-04-05,9986.05,54
P000002892,25,5,9,2024-04-01,15629.82,89
P000002893,12,3,7,2024-01-13,6224.33,100
P000002894,19,4,12,2024-11-07,7736.85,95
P000002895,17,3,15,2024-05-17,4860.75,162
P000002896,22,4,18,2024-07-21,1754.64,62
P000002897,15,6,17,2024-02-22,897.13,24
P000002898,4,2,4,2024-05-23,10607.29,182
P000002899,8,6,10,2024-12-07,10772,192
P000002900,4,1,16,2024-06-15,4116.96,203
P000002901,9,4,1,2024-06-23,5185.36,321
P000002902,15,3,11,2024-03-25,6974.95,58
P000002903,4,2,8,2024-04-07,99.5,161
P000002904,20,1,22,2024-12-05,10203.47,109
P000002905,22,4,19,2024-04-04,5081.52,148
P000002906,23,3,16,2024-04-15,7166.62,381
P000002907,14,6,11,2024-08-03,7026.54,95
P000002908,11,2,22,2024-01-17,8265.32,251
P000002909,19,2,15,2024-08-22,1516.19,53
P000002910,20,1,4,2024-07-25,1258.54,72
P000002911,12,1,1,2024-06-14,3506.38,126
P000002912,25,2,9,2024-05-04,10969,83
P000002913,23,1,19,2024-08-26,8442.19,347
P000002914,19,3,1,2024-03-08,11000.85,112
P000002915,3,6,22,2024-11-07,6987.59,4
P000002916,19,4,11,2024-11-03,3735,21
P000002917,7,1,18,2024-10-01,17346.79,32
P000002918,14,1,7,2024-04-04,16517.2,349
P000002919,11,3,1,2024-01-17,7642.94,778
P000002920,12,4,17,2024-08-07,10337.23,49
P000002921,4,1,17,2024-12-04,1367.24,384
P000002922,8,6,12,2024-08-24,570.58,191
P000002923,25,1,9,2024-07-06,2012.27,259
P000002924,6,6,6,2024-07-28,1469.24,29
P000002925,16,5,4,2024-02-21,10020.18,113
P000002926,18,6,15,2024-08-04,1914.65,304
P000002927,7,1,13,2024-06-28,73.91,101
P000002928,2,1,7,2024-03-24,2794.33,21
P000002929,9,3,8,2024-07-29,3192.06,54
P000002930,18,5,11,2024-05-25,2447.37,98
P000002931,3,3,19,2024-03-30,7696.46,313
P000002932,18,5,17,2024-07-18,14731.55,132
P000002933,13,6,16,2024-10-05,9321.64,111
P000002934,10,3,9,2024-03-18,18473.63,88
P000002935,25,2,8,2024-06-15,7437.55,54
P000002936,2,6,1,2024-12-05,14581.33,58
P000002937,21,4,7,2024-06-23,3389.96,115
P000002938,13,2,21,2024-04-21,3968.38,182
P000002939,3,3,6,2024-08-17,1084.26,120
P000002940,8,4,11,2024-07-02,20690.2,51
P000002941,21,6,20,2024-03-17,8929.57,121
P000002942,4,2,7,2024-01-08,15497.27,85
P000002943,1,3,14,2024-03-18,9172.13,30
P000002944,3,6,12,2024-06-14,6093.61,104
P000002945,13,1,11,2024-04-22,9144.79,156
P000002946,12,4,11,2024-01-18,5902.91,31
P000002947,16,3,4,2024-08-26,3277.47,131
P000002948,6,4,12,2024-10-06,9759.53,424
P000002949,15,6,2,2024-01-31,2504.9,7
P000002950,21,4,13,2024-08-04,1527.99,107
P000002951,24,3,7,2024-07-06,3767.49,65
P000002952,9,3,3,2024-10-02,9452.18,42
P000002953,13,3,1,2024-05-16,764.63,441
P000002954,6,2,7,2024-03-18,2432.75,535
P000002955,2,3,1,2024-07-13,779.04,134
P000002956,5,5,13,2024-07-25,5050.53,85
P000002957,2,6,9,2024-08-19,2727.35,293
P000002958,11,6,2,2024-06-24,9089.21,602
P000002959,21,6,12,2024-06-20,881.49,152
P000002960,22,2,4,2024-02-08,227.55,225
P000002961,23,4,2,2024-02-22,14193.58,102
P000002962,10,4,16,2024-01-02,7459.88,23
P000002963,4,6,2,2024-02-14,6578.55,312
P000002964,21,3,14,2024-02-24,8975.44,137
P000002965,18,2,16,2024-03-18,852.29,123
P000002966,16,1,11,2024-08-30,1955.2,250
P000002967,3,5,18,2024-09-05,323.29,72
P000002968,19,5,20,2024-01-18,542.39,86
P000002969,15,2,22,2024-04-07,7666.62,347
P000002970,5,4,21,2024-03-06,1826.32,13
P000002971,13,4,18,2024-02-23,11510.68,30
P000002972,24,4,4,2024-09-05,12263.85,223
P000002973,21,2,2,2024-06-06,3878.6,108
P000002974,21,2,10,2024-04-07,8328.52,238
P000002975,7,4,10,2024-06-06,1666.46,98
P000002976,24,3,6,2024-05-13,1754.11,95
P000002977,19,4,17,2024-01-31,2390.7,274
P000002978,25,4,8,2024-06-30,8546.72,41
P000002979,9,6,13,2024-08-25,4115.57,274
P000002980,3,4,20,2024-10-01,787.38,95
P000002981,7,5,13,2024-08-22,2095.78,8
P000002982,14,4,3,2024-04-14,5220.8,267
P000002983,5,1,20,2024-05-31,11264.45,340
P000002984,5,1,19,2024-08-04,5477.33,341
P000002985,14,5,10,2024-02-21,3389,160
P000002986,20,3,13,2024-03-30,11559.52,413
P000002987,10,2,19,2024-02-03,1676.82,2
P000002988,1,5,16,2024-07-28,437.48,174
P000002989,17,4,2,2024-03-24,8487.63,40
P000002990,15,3,5,2024-11-08,71.99,101
P000002991,16,1,6,2024-05-17,9863.62,167
P000002992,17,6,9,2024-05-18,3468.53,166
P000002993,14,1,18,2024-08-17,6770.35,173
P000002994,25,4,11,2024-04-04,564.14,50
P000002995,7,2,3,2024-09-08,21044.07,210
P000002996,7,4,17,2024-01-17,677.38,327
P000002997,20,6,22,2024-02-14,4368.01,29
P000002998,3,4,16,2024-05-16,9866.2,306
P000002999,25,6,20,2024-03-16,10723.86,125
P000003000,16,6,2,2024-01-31,5443.42,284
P000003001,9,6,17,2024-10-03,1312.35,200
P000003002,5,1,17,2024-06-30,8471.68,162
P000003003,2,4,11,2024-01-03,5774.6,178
P000003004,10,1,10,2024-05-27,3780.02,97
P000003005,5,1,14,2024-11-07,6831.03,243
P000003006,11,4,15,2024-02-03,4834.51,63
P000003007,1,5,19,2024-04-03,8119.65,143
P000003008,21,1,3,2024-06-23,4811.88,242
P000003009,21,5,6,2024-01-27,5930.01,252
P000003010,12,6,16,2024-01-14,3040.05,426
P000003011,18,2,12,2024-07-29,1126.87,23
P000003012,7,6,20,2024-05-13,6051.65,490
P000003013,9,6,7,2024-03-02,12279.35,162
P000003014,7,2,20,2024-05-27,7091.66,28
P000003015,4,3,10,2024-02-18,3160.97,25
P000003016,7,2,21,2024-01-28,1408.28,35
P000003017,2,1,11,2024-06-29,5776.61,114
P000003018,19,2,8,2024-01-13,4890.59,274
P000003019,1,1,5,2024-06-27,2048.13,172
P000003020,9,6,22,2024-03-29,4590.46,1
P000003021,6,2,17,2024-03-06,8665.99,162
P000003022,10,6,20,2024-03-21,2202.46,97
P000003023,10,2,11,2024-12-04,11720.11,48
P000003024,8,3,19,2024-01-19,7884.86,266
P000003025,11,1,1,2024-06-04,3857.88,303
P000003026,17,3,1,2024-02-08,10123.96,84
P000003027,3,3,11,2024-12-04,8170.88,137
P000003028,5,2,10,2024-07-21,19390.61,141
P000003029,2,4,7,2024-03-22,10197.43,24
P000003030,16,2,18,2024-09-05,5188.18,5
P000003031,20,3,7,2024-09-08,350.27,117
P000003032,23,6,9,2024-07-20,3766.32,300
P000003033,7,2,2,2024-04-14,4888.37,435
P000003034,1,6,22,2024-01-25,5230.36,142
P000003035,20,3,6,2024-04-25,3790.18,168
P000003036,24,6,5,2024-01-17,302.18,233
P000003037,11,5,11,2024-08-15,1017.17,123
P000003038,11,6,12,2024-02-06,241.36,17
P000003039,6,5,3,2024-06-30,8347.3,138
P000003040,24,4,19,2024-10-02,6291.74,88
P000003041,12,6,8,2024-02-23,1543.77,674
P000003042,18,2,17,2024-01-27,9744.5,225
P000003043,22,1,15,2024-05-26,5414.75,325
P000003044,7,5,2,2024-04-14,1898.07,22
P000003045,23,3,4,2024-01-08,4911.08,163
P000003046,10,3,11,2024-08-22,11293.17,219
P000003047,12,2,4,2024-07-22,12398.37,161
P000003048,16,5,12,2024-04-28,1508.57,28
P000003049,21,3,6,2024-05-30,5869.09,354
P000003050,25,5,14,2024-07-21,2770.47,159
P000003051,4,1,8,2024-02-08,3541.73,494
P000003052,7,4,2,2024-06-15,7624.41,139
P000003053,5,2,3,2024-05-07,9928.42,130
P000003054,17,4,20,2024-12-04,7.67,548
P000003055,3,3,2,2024-08-18,1624.86,103
P000003056,4,1,1,2024-12-01,6301.56,287
P000003057,6,6,22,2024-11-08,8578.4,15
P000003058,1,3,21,2024-01-13,5573.57,372
P000003059,16,1,7,2024-04-29,3465.68,133
P000003060,8,4,5,2024-07-07,1245.91,90
P000003061,23,4,15,2024-11-03,8888.61,4
P000003062,23,1,2,2024-02-16,5931.82,243
P000003063,9,3,17,2024-07-01,2620.66,34
P000003064,13,4,10,2024-12-01,1284.37,560
P000003065,13,2,11,2024-09-06,11033.61,155
P000003066,20,2,11,2024-05-16,2413.05,82
P000003067,3,1,3,2024-06-23,13136.08,90
P000003068,14,1,19,2024-01-28,14297.82,211
P000003069,24,1,15,2024-07-14,2837.65,212
P000003070,9,6,10,2024-04-18,7496.03,259
P000003071,5,5,14,2024-06-14,1815.29,79
P000003072,5,1,16,2024-04-15,8250.03,228
P000003073,15,6,18,2024-05-19,5605.82,64
P000003074,3,2,22,2024-04-13,1563.39,179
P000003075,16,6,9,2024-08-15,3997.02,411
P000003076,19,2,9,2024-08-22,3284.22,230
P000003077,19,4,7,2024-04-22,4609.67,58
P000003078,17,1,9,2024-03-08,9412.06,123
P000003079,18,4,17,2024-04-01,427.36,249
P000003080,21,6,5,2024-01-13,19449.02,204
P000003081,2,3,7,2024-11-05,14122.44,32
P000003082,16,4,18,2024-02-16,2257.14,231
P000003083,17,1,8,2024-05-20,11334.21,72
P000003084,1,1,10,2024-03-02,7865.93,436
P000003085,13,2,13,2024-06-05,11462.32,172
P000003086,6,1,9,2024-06-30,6154.53,132
P000003087,6,1,20,2024-03-22,867.5,143
P000003088,22,6,16,2024-02-17,9056.1,58
P000003089,1,1,3,2024-07-07,6569.4,66
P000003090,5,1,2,2024-03-16,7431,180
P000003091,21,1,4,2024-12-08,3672.65,124
P000003092,3,4,5,2024-01-21,6464.8,189
P000003093,5,3,1,2024-06-05,813.58,163
P000003094,5,6,1,2024-06-24,7301.81,134
P000003095,9,5,22,2024-05-05,8523.42,171
P000003096,8,4,4,2024-03-25,3822.64,85
P000003097,15,3,8,2024-02-14,10219.39,139
P000003098,15,4,3,2024-12-05,5798.43,206
P000003099,9,4,20,2024-01-25,4487.01,184
P000003100,25,1,3,2024-06-28,17237.67,13
P000003101,18,3,10,2024-07-13,7497.22,184
P000003102,14,5,14,2024-05-16,3034.06,245
P000003103,4,2,5,2024-03-14,6795.06,177
P000003104,6,5,5,2024-08-15,4273.09,280
P000003105,25,2,16,2024-02-16,1412.6,278
P000003106,10,1,13,2024-06-15,9852.89,43
P000003107,9,3,19,2024-05-27,10744.23,105
P000003108,19,5,10,2024-06-14,1213.63,101
P000003109,19,2,11,2024-02-25,4263.93,80
P000003110,19,2,5,2024-04-08,13808.46,270
P000003111,21,2,4,2024-06-28,2411.93,248
P000003112,6,6,21,2024-05-04,14603.41,12
P000003113,23,6,18,2024-05-07,17813.77,120
P000003114,17,4,11,2024-01-20,14346.28,48
P000003115,25,4,10,2024-02-16,10009.51,144
P000003116,15,1,10,2024-12-07,494.27,186
P000003117,21,2,19,2024-06-16,9118.67,253
P000003118,24,3,9,2024-04-13,1751.26,293
P000003119,17,1,1,2024-02-21,3402.47,69
P000003120,14,6,9,2024-11-05,6841.28,237
P000003121,25,2,1,2024-04-15,12584.46,328
P000003122,5,6,18,2024-07-06,14291.3,179
P000003123,5,1,22,2024-06-27,1998.41,303
P000003124,9,2,5,2024-07-29,9558.06,117
P000003125,19,6,20,2024-02-06,5594.84,174
P000003126,8,2,15,2024-01-26,16520.75,84
P000003127,8,6,4,2024-02-03,5545.62,139
P000003128,2,3,2,2024-10-01,8260.58,108
P000003129,13,5,2,2024-06-27,2636.16,110
P000003130,9,6,16,2024-06-30,8285.38,18
P000003131,14,3,3,2024-08-07,4590,78
P000003132,5,2,21,2024-08-06,13189.14,95
P000003133,4,1,13,2024-08-18,3768.3,212
P000003134,17,3,5,2024-08-04,7962.71,293
P000003135,19,6,12,2024-08-08,3665.13,191
P000003136,19,1,14,2024-08-26,334.81,66
P000003137,5,6,12,2024-01-14,2187.5,159
P000003138,18,5,7,2024-11-08,18481.73,295
P000003139,23,5,6,2024-05-31,11863.69,24
P000003140,2,4,1,2024-11-07,4332.41,10
P000003141,11,6,8,2024-02-03,3653.33,327
P000003142,23,3,19,2024-07-13,7023.94,89
P000003143,8,1,21,2024-03-08,10001.95,132
P000003144,15,1,18,2024-01-03,16460.65,171
P000003145,21,4,22,2024-04-13,8575.27,165
P000003146,13,6,12,2024-02-14,12191.42,177
P000003147,10,2,22,2024-07-26,969.15,233
P000003148,7,1,10,2024-01-27,6498.96,143
P000003149,1,2,18,2024-04-14,33.68,487
P000003150,5,5,6,2024-05-19,7640.61,154
P000003151,16,2,11,2024-09-02,5596.93,62
P000003152,7,1,21,2024-05-25,2639.55,59
P000003153,5,3,13,2024-01-26,4626.87,78
P000003154,13,2,22,2024-04-07,1900.09,297
P000003155,25,2,6,2024-04-13,13315.47,72
P000003156,3,3,20,2024-01-25,6359.09,121
P000003157,22,5,3,2024-04-25,2644.65,83
P000003158,22,5,11,2024-10-06,4879.55,427
P000003159,23,4,22,2024-08-22,11572.5,51
P000003160,2,2,5,2024-06-27,15626.93,225
P000003161,16,2,16,2024-06-30,4781.14,38
P000003162,1,2,6,2024-08-30,11793.4,101
P000003163,11,3,19,2024-08-23,1061.03,58
P000003164,22,4,4,2024-08-26,2499.92,44
P000003165,3,3,16,2024-09-03,676.29,158
P000003166,21,1,10,2024-04-20,1886.06,23
P000003167,10,6,8,2024-10-06,5093.92,524
P000003168,16,3,17,2024-08-02,1018.8,157
P000003169,7,3,22,2024-08-25,5616.77,23
P000003170,24,2,18,2024-02-16,10461.82,78
P000003171,18,1,4,2024-05-30,12841.79,26
P000003172,3,4,1,2024-06-29,6723.42,67
P000003173,3,5,14,2024-06-16,521.35,127
P000003174,7,1,8,2024-04-03,3106.11,159
P000003175,15,4,18,2024-03-15,1684.28,419
P000003176,15,4,1,2024-01-27,11226.14,84
P000003177,13,6,10,2024-05-07,1172.53,124
P000003178,9,5,8,2024-03-29,3917.13,287
P000003179,10,6,6,2024-12-05,4871.07,33
P000003180,5,5,10,2024-11-03,9306.64,48
P000003181,7,4,11,2024-11-07,5270.33,323
P000003182,6,4,9,2024-01-08,14722.35,61
P000003183,6,1,21,2024-02-16,13444.87,197
P000003184,15,5,5,2024-04-13,14885.97,248
P000003185,5,2,9,2024-02-14,53.31,371
P000003186,25,3,18,2024-03-14,11767.94,68
P000003187,5,3,21,2024-04-26,12897.53,25
P000003188,1,6,13,2024-05-04,3867.62,214
P000003189,22,6,10,2024-03-03,13524.05,253
P000003190,17,5,21,2024-06-13,2319.1,189
P000003191,12,4,2,2024-02-14,9036.58,377
P000003192,14,4,4,2024-04-18,8905.53,201
P000003193,5,4,3,2024-01-02,4040.65,423
P000003194,24,4,16,2024-04-08,2204.17,145
P000003195,20,4,6,2024-05-04,7037.21,172
P000003196,11,3,4,2024-01-26,12285.41,175
P000003197,17,1,5,2024-01-21,21812.86,183
P000003198,17,6,5,2024-08-22,6707.97,187
P000003199,17,1,10,2024-01-27,2513.58,226
P000003200,8,1,1,2024-02-16,11491.21,71
P000003201,24,5,19,2024-03-01,3762.58,49
P000003202,11,5,22,2024-08-24,5158.01,2
P000003203,5,5,21,2024-07-02,6660.69,418
P000003204,10,3,20,2024-11-02,4786.05,107
P000003205,17,6,17,2024-03-29,6797.67,82
P000003206,12,5,18,2024-06-15,782.24,348
P000003207,18,1,20,2024-04-26,653.1,136
P000003208,7,3,17,2024-07-15,4768.88,281
P000003209,13,2,17,2024-06-23,1123.57,19
P000003210,18,3,7,2024-11-01,16435.38,425
P000003211,13,1,1,2024-09-02,2922.18,289
P000003212,2,1,6,2024-06-06,12123.84,222
P000003213,24,1,8,2024-10-08,6448.87,244
P000003214,19,3,20,2024-04-01,2587.61,44
P000003215,20,6,2,2024-08-04,12109,16
P000003216,9,1,14,2024-02-03,4482.33,467
P000003217,2,6,10,2024-06-15,5294.88,679
P000003218,1,3,5,2024-02-14,5512.57,46
P000003219,16,1,5,2024-05-07,3707.27,392
P000003220,9,2,15,2024-12-01,7899.01,461
P000003221,15,2,15,2024-03-03,9813.42,100
P000003222,1,4,14,2024-05-18,2845.74,197
P000003223,6,2,8,2024-07-28,2941.72,220
P000003224,15,1,13,2024-07-02,1969.62,114
P000003225,20,2,16,2024-05-30,339.64,452
P000003226,10,3,19,2024-04-25,8818.17,29
P000003227,13,6,3,2024-02-16,6829.86,46
P000003228,21,3,10,2024-04-05,1370.19,58
P000003229,2,6,2,2024-02-06,7731.47,77
P000003230,18,5,8,2024-11-07,2757.16,463
P000003231,13,4,21,2024-07-06,70.19,63
P000003232,4,1,6,2024-06-07,10817.45,151
P000003233,16,2,19,2024-06-15,11595.41,153
P000003234,24,2,15,2024-04-14,1375.22,231
P000003235,22,2,10,2024-08-08,503.52,167
P000003236,12,1,10,2024-03-29,1135.16,27
P000003237,14,3,17,2024-04-07,4375.45,79
P000003238,25,2,4,2024-02-16,536.74,102
P000003239,8,6,21,2024-02-05,2702.08,164
P000003240,2,2,11,2024-07-21,11064.27,104
P000003241,6,3,4,2024-08-18,8861.83,226
P000003242,17,5,3,2024-06-22,564.67,256
P000003243,22,1,18,2024-07-19,5267.69,120
P000003244,23,1,18,2024-12-08,8698.47,89
P000003245,23,5,9,2024-07-06,6025.6,137
P000003246,12,6,18,2024-08-03,7032.54,87
P000003247,25,3,9,2024-08-04,1572.79,176
P000003248,15,6,11,2024-06-05,857.34,197
P000003249,14,2,10,2024-05-31,4899.47,11
P000003250,2,3,15,2024-01-13,2924.06,295
P000003251,18,5,2,2024-03-15,730.06,78
P000003252,20,6,18,2024-02-16,1348.05,332
P000003253,3,5,2,2024-01-14,8561.59,204
P000003254,8,3,22,2024-03-21,7326.91,102
P000003255,14,6,10,2024-05-17,8196.93,340
P000003256,22,4,3,2024-08-08,17841.92,53
P000003257,23,6,14,2024-04-26,4285.13,87
P000003258,23,3,2,2024-04-15,4196.23,256
P000003259,5,6,11,2024-05-19,6409.31,621
P000003260,18,6,10,2024-10-01,3010.07,24
P000003261,10,4,5,2024-04-05,567.91,225
P000003262,14,6,22,2024-05-04,6948.79,292
P000003263,20,2,5,2024-01-17,1009.28,69
P000003264,14,2,21,2024-03-22,12049.05,180
P000003265,24,3,22,2024-05-07,6969.38,102
P000003266,5,6,16,2024-04-27,10257.74,328
P000003267,17,6,6,2024-12-08,7220.35,71
P000003268,4,1,7,2024-11-03,783.35,273
P000003269,1,1,12,2024-05-13,9434.44,221
P000003270,18,5,20,2024-12-05,12755.99,99
P000003271,7,5,19,2024-12-01,807.26,198
P000003272,23,4,14,2024-03-29,13541.21,434
P000003273,14,2,1,2024-03-14,9976.22,12
P000003274,9,4,4,2024-05-24,9152.72,208
P000003275,18,6,17,2024-01-28,9251.37,79
P000003276,13,2,6,2024-05-24,3634.26,100
P000003277,7,3,18,2024-08-19,352.51,196
P000003278,11,3,21,2024-05-17,5303.58,354
P000003279,1,5,22,2024-07-06,7339.32,121
P000003280,25,6,17,2024-07-26,616.09,238
P000003281,24,2,11,2024-07-28,2504.62,397
P000003282,11,2,2,2024-07-23,5915.87,355
